type,category,question,options,answer,difficulty,explanation
va,synonyms,What is another word for Happy?,"[""A. Sad"", ""B. Joyful"", ""C. Angry"", ""D. Scared""]",B,easy,The word 'Happy' is synonymous with 'Joyful'.
va,synonyms,What is another word for Big?,"[""A. Small"", ""B. Large"", ""C. Heavy"", ""D. Light""]",B,easy,The word 'Big' is synonymous with 'Large'.
va,synonyms,What is another word for Friend?,"[""A. Foe"", ""B. Buddy"", ""C. Enemy"", ""D. Stranger""]",B,easy,The word 'Friend' is synonymous with 'Buddy'.
va,synonyms,What is another word for Fast?,"[""A. Slow"", ""B. Quick"", ""C. Heavy"", ""D. Light""]",B,easy,The word 'Fast' is synonymous with 'Quick'.
va,synonyms,What is another word for Old?,"[""A. New"", ""B. Young"", ""C. Large"", ""D. Ancient""]",D,easy,The word 'Old' is synonymous with 'Ancient'.
va,synonyms,What is another word for Dark?,"[""A. Light"", ""B. Bright"", ""C. Heavy"", ""D. Dim""]",D,easy,The word 'Dark' is synonymous with 'Dim'.
va,synonyms,What is another word for Long?,"[""A. Short"", ""B. Tall"", ""C. Heavy"", ""D. Extended""]",D,easy,The word 'Long' is synonymous with 'Extended'.
va,synonyms,What is another word for Sweet?,"[""A. Bitter"", ""B. Sour"", ""C. Salty"", ""D. Delicious""]",D,easy,The word 'Sweet' is synonymous with 'Delicious'.
va,synonyms,What is another word for Small?,"[""A. Large"", ""B. Big"", ""C. Heavy"", ""D. Tiny""]",D,easy,The word 'Small' is synonymous with 'Tiny'.
va,synonyms,What is another word for Loud?,"[""A. Quiet"", ""B. Soft"", ""C. Heavy"", ""D. Boisterous""]",D,easy,The word 'Loud' is synonymous with 'Boisterous'.
va,synonyms,The smell of freshly baked cookies filled the air,"[""A. Fragrance"", ""B. Odour"", ""C. Aroma"", ""D. Scent""]",C,hard,The smell of freshly baked cookies is an example of a pleasing aroma.
va,synonyms,The teacher was strict and demanded discipline,"[""A. Obedience"", ""B. Order"", ""C. Decency"", ""D. Discipline""]",D,hard,The concept of discipline refers to the adherence to rules and laws.
va,synonyms,The poet's words were a beautiful expression of love,"[""A. Affection"", ""B. Fondness"", ""C. Adoration"", ""D. Veneration""]",C,hard,Adoration refers to a deep and ardent love or admiration.
va,synonyms,The old book was a rare and precious find,"[""A. Valuable"", ""B. Priceless"", ""C. Invaluable"", ""D. Expensive""]",C,hard,Invaluable implies something of great worth or value.
va,synonyms,The city was a bustling hub of commerce,"[""A. Commercial"", ""B. Industrial"", ""C. Financial"", ""D. Mercantile""]",D,hard,"Mercantile refers to trade, commerce, or buying and selling."
va,synonyms,The tourists were shocked by the stark contrast,"[""A. Difference"", ""B. Disparity"", ""C. Inequality"", ""D. Contrast""]",D,hard,Contrast refers to a comparison between two or more things that are different.
va,synonyms,The artist's use of color was bold and vibrant,"[""A. Bright"", ""B. Dazzling"", ""C. Radiant"", ""D. Vivid""]",D,hard,Vivid refers to being intense and striking.
va,synonyms,The company's financial situation was precarious,"[""A. Uncertain"", ""B. Instable"", ""C. Fragile"", ""D. Perilous""]",D,hard,Perilous implies a great risk or danger.
va,synonyms,The firework exploded with a loud and brilliant display,"[""A. Flamboyant"", ""B. Vibrant"", ""C. Resplendent"", ""D. Spectacular""]",D,hard,Spectacular refers to something that is impressive and exciting.
va,synonyms,The athlete's determination was unwavering,"[""A. Unshakeable"", ""B. Unwavering"", ""C. Unrelenting"", ""D. Unfaltering""]",B,hard,Unwavering implies a firm and unchanging resolve.
va,antonyms,The word 'fast' is an antonym of:,"[""A. Quick"", ""B. Slow"", ""C. Steady"", ""D. Timely""]",B,hard,"The correct answer is ""Slow"" because it is the opposite of ""Fast""."
va,antonyms,The word 'Honest' is an antonym of:,"[""A. Dishonest"", ""B. Polite"", ""C. Friendly"", ""D. Happy""]",A,hard,"The correct answer is ""Dishonest"" because it is the opposite of ""Honest""."
va,antonyms,The word 'Simple' is an antonym of:,"[""A. Complex"", ""B. Easy"", ""C. Complicated"", ""D. Basic""]",C,hard,"The correct answer is ""Complicated"" because it is the opposite of ""Simple""."
va,antonyms,The word 'Orderly' is an antonym of:,"[""A. Messy"", ""B. Disorganized"", ""C. Unkempt"", ""D. Chaotic""]",B,hard,"The correct answer is ""Disorganized"" because it is the opposite of ""Orderly""."
va,antonyms,The word 'Authentic' is an antonym of:,"[""A. Genuine"", ""B. Artificial"", ""C. False"", ""D. Real""]",B,hard,"The correct answer is ""Artificial"" because it is the opposite of ""Authentic""."
va,antonyms,The word 'Sincere' is an antonym of:,"[""A. Insincere"", ""B. Polite"", ""C. Friendly"", ""D. Happy""]",A,hard,"The correct answer is ""Insincere"" because it is the opposite of ""Sincere""."
va,antonyms,The word 'Precise' is an antonym of:,"[""A. Accurate"", ""B. Exact"", ""C. Imprecise"", ""D. Loose""]",C,hard,"The correct answer is ""Imprecise"" because it is the opposite of ""Precise""."
va,antonyms,The word 'Consistent' is an antonym of:,"[""A. Unpredictable"", ""B. Random"", ""C. Inconsistent"", ""D. Variable""]",C,hard,"The correct answer is ""Inconsistent"" because it is the opposite of ""Consistent""."
va,antonyms,The word 'Clear' is an antonym of:,"[""A. Murky"", ""B. Unclear"", ""C. Fuzzy"", ""D. Hazy""]",B,hard,"The correct answer is ""Unclear"" because it is the opposite of ""Clear""."
va,antonyms,The word 'Stable' is an antonym of:,"[""A. Fluctuating"", ""B. Unstable"", ""C. Volatile"", ""D. Shaky""]",B,hard,"The correct answer is ""Unstable"" because it is the opposite of ""Stable""."
va,antonyms,The word 'Fast' is an antonym of,"[""A. Quick"", ""B. Slow"", ""C. Large"", ""D. Expensive""]",B,medium,"Fast means happening or done quickly, while Slow means happening or done at a low speed."
va,antonyms,Which word is an antonym of 'Simple'?,"[""A. Complex"", ""B. Complicated"", ""C. Easy"", ""D. Difficult""]",A,medium,"Simple means easy to understand or do, while Complex means made up of many different and connected parts."
va,antonyms,The word 'Honest' is an antonym of,"[""A. Truthful"", ""B. Dishonest"", ""C. Kind"", ""D. Angry""]",B,medium,"Honest means truthful and sincere, while Dishonest means not truthful or sincere."
va,antonyms,Which word is an antonym of 'Quiet'?,"[""A. Loud"", ""B. Calm"", ""C. Busy"", ""D. Happy""]",A,medium,"Quiet means making little or no noise, while Loud means making a lot of noise."
va,antonyms,The word 'Open' is an antonym of,"[""A. Closed"", ""B. Wide"", ""C. Tall"", ""D. Heavy""]",A,medium,"Open means not shut or blocked, while Closed means shut or blocked."
va,antonyms,Which word is an antonym of 'Small'?,"[""A. Large"", ""B. Big"", ""C. Happy"", ""D. Sad""]",A,medium,"Small means not great in size or amount, while Large means great in size or amount."
va,antonyms,The word 'Clear' is an antonym of,"[""A. Unclear"", ""B. Bright"", ""C. Dark"", ""D. Foggy""]",A,medium,"Clear means easy to see or understand, while Unclear means difficult to see or understand."
va,antonyms,Which word is an antonym of 'Old'?,"[""A. New"", ""B. Young"", ""C. Expensive"", ""D. Cheap""]",B,medium,"Old means having existed for a long time, while Young means having existed for a short time."
va,antonyms,The word 'Full' is an antonym of,"[""A. Empty"", ""B. Complete"", ""C. Happy"", ""D. Sad""]",A,medium,"Full means completely filled or satisfied, while Empty means not filled or satisfied."
va,antonyms,Which word is an antonym of 'Busy'?,"[""A. Idle"", ""B. Active"", ""C. Happy"", ""D. Sad""]",A,medium,"Busy means fully occupied or engaged, while Idle means not fully occupied or engaged."
va,fill_in_the_blanks,He who lives in a glass house should not throw stones.,"[""A. He who lives in a silver house"", ""B. He who lives in a glass house"", ""C. He who lives in a stone house"", ""D. He who lives in a wooden house""]",B. He who lives in a glass house,medium,This idiom is used to advise people against criticizing or judging others when they themselves have similar flaws or weaknesses.
va,fill_in_the_blanks,A bird in the hand is worth two in the bush.,"[""A. A bird in the tree is worth two in the bush"", ""B. A bird in the hand is worth one in the bush"", ""C. A bird in the hand is worth two in the bush"", ""D. A bird in the tree is worth one in the hand""]",C. A bird in the hand is worth two in the bush,medium,"This idiom means that it is often better to appreciate and make the most of what you already have, rather than taking a risk to get something more."
va,fill_in_the_blanks,Blood is thicker than water.,"[""A. Blood is thinner than water"", ""B. Blood is the same as water"", ""C. Blood is thicker than water"", ""D. Blood is colder than water""]",C. Blood is thicker than water,medium,This idiom means that family ties are stronger and more important than any other relationship.
va,fill_in_the_blanks,Don't count your chickens before they hatch.,"[""A. Don't count your eggs before they hatch"", ""B. Don't count your money before you earn it"", ""C. Don't count your chickens before they hatch"", ""D. Don't count your sheep before they sleep""]",C. Don't count your chickens before they hatch,medium,This idiom warns against taking something for granted or assuming it will happen before it actually does.
va,fill_in_the_blanks,A rolling stone gathers no moss.,"[""A. A rolling stone gathers no money"", ""B. A rolling stone gathers no moss"", ""C. A rolling stone gathers a lot of moss"", ""D. A rolling stone gathers all the moss""]",B. A rolling stone gathers no moss,medium,This idiom means that people who are constantly changing jobs or moving from place to place are unlikely to accumulate wealth or possessions.
va,fill_in_the_blanks,Actions speak louder than words.,"[""A. Words speak louder than actions"", ""B. Actions speak louder than words"", ""C. Both actions and words are equal"", ""D. Neither actions nor words are important""]",B. Actions speak louder than words,medium,This idiom means that what people do is more important than what they say.
va,fill_in_the_blanks,"When in Rome, do as the Romans do.","[""A. When in Rome, do as the Italians do"", ""B. When in Rome, do as the Spanish do"", ""C. When in Rome, do as the Romans do"", ""D. When in Rome, do as you like""]","C. When in Rome, do as the Romans do",medium,"This idiom means that when you are in a different place or culture, you should adapt to the local customs and way of life."
va,fill_in_the_blanks,Don't cry over spilt milk.,"[""A. Don't cry over spilt sugar"", ""B. Don't cry over spilt tea"", ""C. Don't cry over spilt milk"", ""D. Don't cry over spilt water""]",C. Don't cry over spilt milk,medium,This idiom means that there is no point in worrying or being upset about something that has already happened and can't be changed.
va,fill_in_the_blanks,Bite off more than you can chew.,"[""A. Chew off more than you can bite"", ""B. Bite off less than you can chew"", ""C. Bite off more than you can chew"", ""D. Chew less than you can bite""]",C. Bite off more than you can chew,medium,This idiom means to take on more responsibilities or tasks than you are capable of handling.
va,fill_in_the_blanks,Cut to the chase.,"[""A. Cut to the forest"", ""B. Cut to the tree"", ""C. Cut to the point"", ""D. Cut to the road""]",C. Cut to the point,medium,This idiom means to get to the main point or the most important part of a conversation or situation.
va,fill_in_the_blanks,The capital of France is ______________.,"[""A"", ""B"", ""C"", ""D""]",Paris,easy,The capital of France is a well-known fact.
va,fill_in_the_blanks,The largest planet in our solar system is ______________.,"[""A"", ""B"", ""C"", ""D""]",Jupiter,easy,Jupiter is the largest planet in our solar system.
va,fill_in_the_blanks,The author of the book 'To Kill a Mockingbird' is ______________.,"[""A"", ""B"", ""C"", ""D""]",Harper Lee,easy,Harper Lee wrote the classic novel 'To Kill a Mockingbird'.
va,fill_in_the_blanks,The highest mountain peak in the world is ______________.,"[""A"", ""B"", ""C"", ""D""]",Mount Everest,easy,Mount Everest is the highest mountain peak in the world.
va,fill_in_the_blanks,The largest living species of lizard is ______________.,"[""A"", ""B"", ""C"", ""D""]",Komodo dragon,easy,The Komodo dragon is the largest living species of lizard.
va,fill_in_the_blanks,The smallest country in the world is ______________.,"[""A"", ""B"", ""C"", ""D""]",Vatican City,easy,Vatican City is the smallest country in the world.
va,fill_in_the_blanks,The famous painting 'The Starry Night' was created by ______________.,"[""A"", ""B"", ""C"", ""D""]",Vincent van Gogh,easy,Vincent van Gogh painted the famous painting 'The Starry Night'.
va,fill_in_the_blanks,The deepest part of the ocean is called the ______________.,"[""A"", ""B"", ""C"", ""D""]",Challenger Deep,easy,The Challenger Deep is the deepest part of the ocean.
va,fill_in_the_blanks,The famous novel 'Pride and Prejudice' was written by ______________.,"[""A"", ""B"", ""C"", ""D""]",Jane Austen,easy,Jane Austen wrote the classic novel 'Pride and Prejudice'.
va,fill_in_the_blanks,The chemical symbol for gold is ______________.,"[""A"", ""B"", ""C"", ""D""]",Au,easy,The chemical symbol for gold is Au.
va,error_detection,Choose the correct option with no error: A) The manager has given the employee a raise B) The employee has been given a raise by the manager C) The manager has a raise given to the employee D) The employee has given a raise to the manager,"[""A"", ""B"", ""C"", ""D""]",B,easy,Sentence should be in active voice
va,error_detection,Choose the correct option with no error: A) He was a scientist who invented the first computer B) He was scientist who invented first computer C) He was a scientist who invented the first computer. D) He was scientist who invented first computer.,"[""A"", ""B"", ""C"", ""D""]",A,easy,Use of the article 'a' before the noun 'scientist'
va,error_detection,Choose the correct option with no error: A) The teacher gave the students their results B) The teacher gave the students their result C) The teacher gave the students a result D) The teacher gave the students a results,"[""A"", ""B"", ""C"", ""D""]",B,easy,Use of the correct plural form of the noun 'result'
va,error_detection,Choose the correct option with no error: A) The company is going to hire a new employee. I am very happy B) The company is going to hire a new employee. I am very happy about it C) The company is going to hire a new employee. I am very happy and relieved D) The company is going to hire a new employee. I am very happy about it.,"[""A"", ""B"", ""C"", ""D""]",B,easy,Use of the correct transition word 'about it'
va,error_detection,Choose the correct option with no error: A) The new employee was very skilled and had a lot of experience B) The new employee was very skilled and have a lot of experience C) The new employee was very skilled and having a lot of experience D) The new employee was very skilled and have a lot of experiences,"[""A"", ""B"", ""C"", ""D""]",A,easy,Use of the correct verb tense 'had' and the correct form of the plural noun 'experience'
va,error_detection,Choose the correct option with no error: A) The manager and the employee was present in the meeting B) The manager and the employee were present in the meeting C) The manager and the employee is present in the meeting D) The manager and the employee has been present in the meeting,"[""A"", ""B"", ""C"", ""D""]",B,easy,Use of the correct verb tense 'were' and the correct form of the plural noun 'employee'
va,error_detection,Choose the correct option with no error: A) The teacher gave the student the book B) The teacher gave the students the book C) The teacher gave the student the books D) The teacher gave the students the books,"[""A"", ""B"", ""C"", ""D""]",B,easy,Use of the correct form of the plural noun 'students' and 'books'
va,error_detection,Choose the correct option with no error: A) The company has been in the business for over 10 years B) The company have been in the business for over 10 years C) The company is been in the business for over 10 years D) The company are in the business for over 10 years,"[""A"", ""B"", ""C"", ""D""]",A,easy,Use of the correct verb tense 'has been' and the correct form of the plural noun 'company'
va,error_detection,Choose the correct option with no error: A) The manager and the employee was discussing the project B) The manager and the employee were discussing the project C) The manager and the employee is discussing the project D) The manager and the employee has been discussing the project,"[""A"", ""B"", ""C"", ""D""]",B,easy,Use of the correct verb tense 'were' and the correct form of the plural noun 'employee'
va,error_detection,Choose the correct option with no error: A) The teacher asked the student to do the homework B) The teacher asked the students to do the homework C) The teacher asked the student to do the home works D) The teacher asked the students to do the home works,"[""A"", ""B"", ""C"", ""D""]",B,easy,Use of the correct form of the plural noun 'students' and 'homework'
va,error_detection,The correct sentence is: The new policy will be discussed at the conference of ___________.,"[""at"", ""in"", ""on"", ""with""]",on,hard,"The correct preposition to use in this context is 'on', as it refers to a scheduled event or meeting where the topic of the new policy will be discussed."
va,error_detection,Identify the error in the sentence: The teacher asked the students to ___________ their books.,"[""read"", ""write"", ""close"", ""open""]",write,hard,"The error in the sentence is the use of the verb 'write' instead of the correct verb 'close', which is the intended action the teacher asked the students to perform."
va,error_detection,The correct sentence is: The company will ___________ its employees with a bonus at the end of the year.,"[""give"", ""pay"", ""show"", ""award""]",award,hard,"The correct verb to use in this context is 'award', as it refers to the act of presenting or bestowing a bonus on employees."
va,error_detection,Identify the error in the sentence: The new employee was very ___________ during the orientation.,"[""friendly"", ""shy"", ""nervous"", ""curious""]",friendly,hard,"The error in the sentence is the use of the adjective 'friendly' to describe the new employee's demeanor during the orientation, when the correct adjective would be more neutral, such as 'shy', 'nervous', or 'curious'."
va,error_detection,The correct sentence is: The city's ___________ is known for its beautiful architecture.,"[""center"", ""heart"", ""core"", ""main""]",center,hard,"The correct noun to use in this context is 'center', as it refers to the central part of the city."
va,error_detection,Identify the error in the sentence: The hotel room was very ___________ and had a great view of the city.,"[""clean"", ""dirty"", ""expensive"", ""beautiful""]",dirty,hard,"The error in the sentence is the use of the adjective 'dirty' to describe the cleanliness of the hotel room, when the correct adjective would be 'clean'."
va,error_detection,The correct sentence is: The company's ___________ is to provide excellent customer service.,"[""goal"", ""mission"", ""objective"", ""vision""]",mission,hard,"The correct noun to use in this context is 'mission', as it refers to the company's purpose or main objective."
va,error_detection,Identify the error in the sentence: The student's homework was very ___________ and required a lot of effort to complete.,"[""hard"", ""easy"", ""interesting"", ""challenging""]",interesting,hard,"The error in the sentence is the use of the adjective 'interesting' to describe the difficulty level of the homework, when the correct adjective would be 'hard' or 'challenging'."
va,error_detection,The correct sentence is: The new policy will be implemented ___________ the next quarter.,"[""in"", ""on"", ""at"", ""during""]",in,hard,"The correct preposition to use in this context is 'in', as it refers to a specific time period or period of implementation."
va,error_detection,Identify the error in the sentence: The teacher asked the students to ___________ their notes from the previous lesson.,"[""read"", ""write"", ""copy"", ""review""]",copy,hard,"The error in the sentence is the use of the verb 'copy' instead of the correct verb 'review', which is the intended action the teacher asked the students to perform."
va,sentence_correction,"The new policy will either be implemented by the end of the year or, at the very least, the company will have a solid proposal.","[""A"", ""B"", ""C"", ""D""]",A,hard,"The phrase 'at the very least' indicates that the company will have a proposal, which is a weaker commitment than implementing the new policy."
va,sentence_correction,"The teacher asked the students to bring their books, pencils, pens, and papers to the classroom.","[""A"", ""B"", ""C"", ""D""]",B,hard,"The correct answer is 'B', which includes all the necessary items, whereas 'A' is missing 'pens'."
va,sentence_correction,"By the time I arrived, they had already eaten the cake, and, by the looks of it, the ice cream too.","[""A"", ""B"", ""C"", ""D""]",C,hard,"The correct answer is 'C', which uses a comma to separate two independent clauses, making the sentence grammatically correct."
va,sentence_correction,"If I had studied harder, I would have passed the exam, and my parents wouldn't have been disappointed.","[""A"", ""B"", ""C"", ""D""]",B,hard,"The correct answer is 'B', which uses a comma to separate two independent clauses, making the sentence grammatically correct."
va,sentence_correction,"The manager, who is known for being strict, will be conducting the training session.","[""A"", ""B"", ""C"", ""D""]",B,hard,"The correct answer is 'B', which uses the relative clause 'who is known for being strict' to describe the manager."
va,sentence_correction,"The company has hired several new employees, including a marketing manager, a financial analyst, and a human resources manager.","[""A"", ""B"", ""C"", ""D""]",C,hard,"The correct answer is 'C', which uses a comma to separate items in a list, making the sentence grammatically correct."
va,sentence_correction,"The hotel staff were very helpful, they even offered to carry our luggage to the room.","[""A"", ""B"", ""C"", ""D""]",D,hard,"The correct answer is 'D', which uses a comma to separate two independent clauses, making the sentence grammatically correct."
va,sentence_correction,"The new employee was nervous, but she managed to answer all the questions correctly during the interview.","[""A"", ""B"", ""C"", ""D""]",D,hard,"The correct answer is 'D', which uses a comma to separate two independent clauses, making the sentence grammatically correct."
va,sentence_correction,"The professor gave us a lot of homework, including reading several chapters, writing a research paper, and presenting a project.","[""A"", ""B"", ""C"", ""D""]",C,hard,"The correct answer is 'C', which uses a comma to separate items in a list, making the sentence grammatically correct."
va,sentence_correction,"By the time the concert started, the crowd had already been waiting for hours, and they were getting restless.","[""A"", ""B"", ""C"", ""D""]",D,hard,"The correct answer is 'D', which uses a comma to separate two independent clauses, making the sentence grammatically correct."
va,sentence_correction,The new policy will go into effect on Monday.,"[""A"", ""B""]",B,medium,The correct sentence should end with a period.
va,sentence_correction,The book which was written by John is on the table.,"[""A"", ""B"", ""C"", ""D""]",C,medium,The correct sentence should use a relative pronoun.
va,sentence_correction,The teacher gave the students a lot of homework tonight.,"[""A"", ""B"", ""C"", ""D""]",A,medium,The correct sentence should use the word 'tonight' as an adverb.
va,sentence_correction,The manager and the staff are going to the conference together.,"[""A"", ""B"", ""C"", ""D""]",A,medium,The correct sentence should use the word 'staff' in the correct context.
va,sentence_correction,"By the time I arrived, they had already eaten dinner.","[""A"", ""B"", ""C"", ""D""]",B,medium,The correct sentence should use the perfect tense correctly.
va,sentence_correction,The new employee has been working here for three months.,"[""A"", ""B"", ""C"", ""D""]",A,medium,The correct sentence should use the present perfect tense correctly.
va,sentence_correction,The teacher will give us a lot of homework tomorrow.,"[""A"", ""B"", ""C"", ""D""]",A,medium,The correct sentence should use the future tense correctly.
va,sentence_correction,The city of Paris is located in France.,"[""A"", ""B"", ""C"", ""D""]",C,medium,The correct sentence should use the correct preposition.
va,sentence_correction,The manager of the company is very experience.,"[""A"", ""B"", ""C"", ""D""]",D,medium,The correct sentence should use the correct adjective form.
va,sentence_correction,The book which was written by John is very interesting.,"[""A"", ""B"", ""C"", ""D""]",C,medium,The correct sentence should use a relative pronoun correctly.
va,sentence_correction,The team of engineers worked on the project for several months.,"[""A"", ""B"", ""C"", ""D""]",A,medium,The correct sentence should use the correct plural noun form.
va,idioms_and_phrases,What does 'Bite off more than you can chew' mean?,"[""A. To be optimistic"", ""B. To take on more responsibility than you can handle"", ""C. To be lazy"", ""D. To be honest""]",B,medium,This idiom means to take on more tasks or responsibilities than you are capable of handling.
va,idioms_and_phrases,What does 'Beat around the bush' mean?,"[""A. To be direct and honest"", ""B. To avoid talking about something"", ""C. To be loud and boisterous"", ""D. To be kind and gentle""]",B,medium,This idiom means to avoid talking directly or clearly about something.
va,idioms_and_phrases,What does 'Cut to the chase' mean?,"[""A. To waste time on unnecessary details"", ""B. To get to the point or the most important part of a conversation"", ""C. To be sarcastic"", ""D. To be polite""]",B,medium,This idiom means to get to the point or the most important part of a conversation.
va,idioms_and_phrases,What does 'Give someone the cold shoulder' mean?,"[""A. To show someone kindness and warmth"", ""B. To show someone indifference or ignore them"", ""C. To be angry"", ""D. To be sad""]",B,medium,This idiom means to show someone indifference or ignore them.
va,idioms_and_phrases,What does 'In a nutshell' mean?,"[""A. In a small amount of space"", ""B. In a large amount of space"", ""C. In a few words"", ""D. In a long explanation""]",C,medium,This idiom means to summarize something in a few words.
va,idioms_and_phrases,What does 'Let sleeping dogs lie' mean?,"[""A. To bring up an old issue"", ""B. To leave an old issue alone"", ""C. To be honest"", ""D. To be kind""]",B,medium,This idiom means to leave an old issue alone or not to bring it up again.
va,idioms_and_phrases,What does 'Make a mountain out of a molehill' mean?,"[""A. To make something seem more serious than it is"", ""B. To make something seem less serious than it is"", ""C. To be optimistic"", ""D. To be pessimistic""]",A,medium,This idiom means to make something seem more serious or more important than it actually is.
va,idioms_and_phrases,What does 'On the same page' mean?,"[""A. To have different opinions"", ""B. To be in agreement or have a shared understanding"", ""C. To be in a hurry"", ""D. To be lazy""]",B,medium,This idiom means to be in agreement or have a shared understanding.
va,idioms_and_phrases,What does 'Practice what you preach' mean?,"[""A. To preach but not practice"", ""B. To teach or advise others but not follow your own advice"", ""C. To teach or advise others and also follow your own advice"", ""D. To ignore others' advice""]",C,medium,This idiom means to teach or advise others and also follow your own advice.
va,idioms_and_phrases,What does 'Bite Off More Than One Can Chew' mean?,"[""A. To eat more than you can handle"", ""B. To accept a new challenge"", ""C. To work harder than necessary"", ""D. To be lazy""]",A,easy,To take on more responsibility or tasks than one is capable of handling.
va,idioms_and_phrases,What does 'Beat Around The Bush' mean?,"[""A. To avoid talking directly"", ""B. To be straightforward"", ""C. To be sarcastic"", ""D. To be honest""]",A,easy,To avoid talking directly or mentioning something indirectly.
va,idioms_and_phrases,What does 'Cost An Arm And A Leg' mean?,"[""A. To be very expensive"", ""B. To be very cheap"", ""C. To be very fast"", ""D. To be very slow""]",A,easy,Something that is very expensive.
va,idioms_and_phrases,What does 'Cut To The Chase' mean?,"[""A. To get to the point"", ""B. To take a break"", ""C. To go for a walk"", ""D. To have a snack""]",A,easy,To get to the point or the most important part of a conversation.
va,idioms_and_phrases,What does 'Give Someone The Cold Shoulder' mean?,"[""A. To show disinterest"", ""B. To show interest"", ""C. To show anger"", ""D. To show sadness""]",A,easy,To show disinterest or ignore someone.
va,idioms_and_phrases,What does 'In A Nutshell' mean?,"[""A. In a few words"", ""B. In a lot of words"", ""C. In detail"", ""D. In general""]",A,easy,To summarize or describe something briefly.
va,idioms_and_phrases,What does 'Let Sleeping Dogs Lie' mean?,"[""A. To avoid conflict"", ""B. To start a fight"", ""C. To be quiet"", ""D. To be loud""]",A,easy,To avoid bringing up a sensitive or contentious issue.
va,idioms_and_phrases,What does 'On The Same Page' mean?,"[""A. To agree on something"", ""B. To disagree on something"", ""C. To be confused"", ""D. To be bored""]",A,easy,To be in agreement or have a shared understanding.
va,idioms_and_phrases,What does 'Practice What You Preach' mean?,"[""A. To do something you advise others to do"", ""B. To do something you advise others not to do"", ""C. To do something you don't believe in"", ""D. To do nothing""]",A,easy,To do something that you advise or encourage others to do.
va,idioms_and_phrases,What does 'Rain On Someone's Parade' mean?,"[""A. To spoil someone's plans"", ""B. To help someone's plans"", ""C. To ignore someone's plans"", ""D. To support someone's plans""]",A,easy,To spoil or ruin someone's plans or event.
va,one_word_substitution,The old computer is obsolete.,"[""A"", ""B"", ""C"", ""D""]",B,easy,The word 'obsolete' means no longer useful or needed.
va,one_word_substitution,The manager was stern with the employee.,"[""A"", ""B"", ""C"", ""D""]",B,easy,The word 'stern' means serious or strict.
va,one_word_substitution,The smell of freshly baked cookies is enticing.,"[""A"", ""B"", ""C"", ""D""]",B,easy,The word 'enticing' means attractive or appealing.
va,one_word_substitution,The teacher was disappointed with the student's performance.,"[""A"", ""B"", ""C"", ""D""]",B,easy,The word 'disappointed' means feeling sad or unhappy.
va,one_word_substitution,The tourists were lost in the city.,"[""A"", ""B"", ""C"", ""D""]",A,easy,The word 'lost' means unable to find one's way.
va,one_word_substitution,The news of the company's bankruptcy was devastating.,"[""A"", ""B"", ""C"", ""D""]",B,easy,The word 'devastating' means causing great sadness or despair.
va,one_word_substitution,The sound of the ocean is soothing.,"[""A"", ""B"", ""C"", ""D""]",B,easy,The word 'soothing' means calm or peaceful.
va,one_word_substitution,The weather forecast predicted a storm.,"[""A"", ""B"", ""C"", ""D""]",A,easy,The word 'predicted' means forecast or forecasted.
va,one_word_substitution,The smell of the perfume was overpowering.,"[""A"", ""B"", ""C"", ""D""]",B,easy,The word 'overpowering' means too strong or overwhelming.
va,one_word_substitution,The teacher gave the student a second chance.,"[""A"", ""B"", ""C"", ""D""]",A,easy,The word 'second' means additional or further.
va,one_word_substitution,The new policy has made the company extremely vulnerable.,"[""A"", ""B"", ""C"", ""D""]",D,hard,The word 'extremely vulnerable' can be replaced by 'exposed' or 'liable to be attacked or harmed easily'.
va,one_word_substitution,The teacher tried to reason with the stubborn student.,"[""A"", ""B"", ""C"", ""D""]",D,hard,The word 'stubborn' can be replaced by 'unwilling to change one's opinion or way of doing things'.
va,one_word_substitution,The new employee was feeling quite apprehensive about her first day.,"[""A"", ""B"", ""C"", ""D""]",D,hard,The word 'apprehensive' can be replaced by 'feeling anxious or worried about something'.
va,one_word_substitution,The manager was dissatisfied with the team's performance.,"[""A"", ""B"", ""C"", ""D""]",D,hard,The word 'dissatisfied' can be replaced by 'unhappy or displeased with something'.
va,one_word_substitution,The artist's latest sculpture was a masterpiece.,"[""A"", ""B"", ""C"", ""D""]",D,hard,The word 'masterpiece' can be replaced by 'a work of art that is considered very good'.
va,one_word_substitution,The tourists got lost in the unfamiliar city.,"[""A"", ""B"", ""C"", ""D""]",D,hard,The word 'unfamiliar' can be replaced by 'not well-known or understood'.
va,one_word_substitution,The company's financial situation was precarious.,"[""A"", ""B"", ""C"", ""D""]",D,hard,The word 'precarious' can be replaced by 'in a situation that is uncertain and possibly dangerous'.
va,one_word_substitution,The teacher's patience was wearing thin.,"[""A"", ""B"", ""C"", ""D""]",D,hard,The word 'wearing thin' can be replaced by 'becoming tired or irritated'.
va,one_word_substitution,The news of the accident sent shockwaves through the community.,"[""A"", ""B"", ""C"", ""D""]",D,hard,The word 'sent shockwaves' can be replaced by 'caused a lot of surprise or alarm'.
va,one_word_substitution,The team's morale was boosted after their victory.,"[""A"", ""B"", ""C"", ""D""]",D,hard,The word 'boosted' can be replaced by 'improved or increased'.
va,sentence_completion,"The new policy was met with widespread criticism from various stakeholders, including many of the company's","[""A"", ""B"", ""C"", ""D""]",A,hard,"The word 'A' is the correct option as it fills the blank in the sentence correctly, and the other options do not make sense in the context."
va,sentence_completion,"After years of research, the team finally discovered a cure for the rare genetic disorder, which had been","[""A"", ""B"", ""C"", ""D""]",D,hard,"The word 'D' is the correct option as it fills the blank in the sentence correctly, and the other options do not make sense in the context."
va,sentence_completion,"The ancient city was hidden deep within the jungle, and its existence had been a","[""A"", ""B"", ""C"", ""D""]",B,hard,"The word 'B' is the correct option as it fills the blank in the sentence correctly, and the other options do not make sense in the context."
va,sentence_completion,"The company's profits had been steadily declining over the past few years, causing the stock price to drop dramatically and leading to a","[""A"", ""B"", ""C"", ""D""]",D,hard,"The word 'D' is the correct option as it fills the blank in the sentence correctly, and the other options do not make sense in the context."
va,sentence_completion,"The politician's scandalous past was revealed to the public, causing her to resign from her position and deal with the","[""A"", ""B"", ""C"", ""D""]",D,hard,"The word 'D' is the correct option as it fills the blank in the sentence correctly, and the other options do not make sense in the context."
va,sentence_completion,"The researchers had been studying the effects of climate change on the local ecosystem for years, but their findings were often met with","[""A"", ""B"", ""C"", ""D""]",D,hard,"The word 'D' is the correct option as it fills the blank in the sentence correctly, and the other options do not make sense in the context."
va,sentence_completion,"The artist's unique style was a blend of traditional and modern techniques, but critics often found it difficult to pinpoint the","[""A"", ""B"", ""C"", ""D""]",A,hard,"The word 'A' is the correct option as it fills the blank in the sentence correctly, and the other options do not make sense in the context."
va,sentence_completion,"The new employee was struggling to keep up with the fast-paced work environment, and her manager had to remind her to stay focused and maintain a","[""A"", ""B"", ""C"", ""D""]",A,hard,"The word 'A' is the correct option as it fills the blank in the sentence correctly, and the other options do not make sense in the context."
va,sentence_completion,"The tourists got lost in the dense forest, but fortunately, they stumbled upon a hidden clearing and found a","[""A"", ""B"", ""C"", ""D""]",D,hard,"The word 'D' is the correct option as it fills the blank in the sentence correctly, and the other options do not make sense in the context."
va,sentence_completion,"The small business owner was struggling to compete with the big corporations, but she remained determined to stay afloat and continue to offer her customers a","[""A"", ""B"", ""C"", ""D""]",D,hard,"The word 'D' is the correct option as it fills the blank in the sentence correctly, and the other options do not make sense in the context."
va,sentence_completion,Rahul's lack of _______ led to his failure in the project.,"[""A"", ""B"", ""C"", ""D""]",Determination,medium,"Determination is the quality of being determined, resolute and firm in one's decisions and actions."
va,sentence_completion,The new policy is designed to _______ the impact of climate change.,"[""A"", ""B"", ""C"", ""D""]",Mitigate,medium,"Mitigate means to reduce the severity, seriousness, or painfulness of something."
va,sentence_completion,The company's _______ to innovation has led to the development of several groundbreaking products.,"[""A"", ""B"", ""C"", ""D""]",Commitment,medium,"Commitment is the state of being dedicated, devoted, or pledged to a particular cause, activity, or relationship."
va,sentence_completion,The artist's use of vibrant colors and bold brushstrokes gave the painting a sense of _______ and energy.,"[""A"", ""B"", ""C"", ""D""]",Vitality,medium,"Vitality refers to the quality of being full of energy, life, and enthusiasm."
va,sentence_completion,The teacher's _______ to her students helped them to feel more comfortable and confident in the classroom.,"[""A"", ""B"", ""C"", ""D""]",Patience,medium,"Patience refers to the quality of being able to tolerate delays, difficulties, or unpleasant situations without becoming annoyed or impatient."
va,sentence_completion,The company's _______ to customer satisfaction has led to a significant increase in sales and revenue.,"[""A"", ""B"", ""C"", ""D""]",Emphasis,medium,"Emphasis refers to the act of giving attention or importance to something, often by highlighting or stressing its significance."
va,sentence_completion,The novel's exploration of complex themes and moral ambiguities made it a thought-provoking and _______ read.,"[""A"", ""B"", ""C"", ""D""]",Intellectual,medium,"Intellectual refers to the quality of being related to the intellect, or the state of being intelligent and knowledgeable."
va,sentence_completion,The _______ of the new policy has been a topic of debate among politicians and experts.,"[""A"", ""B"", ""C"", ""D""]",Effectiveness,medium,"Effectiveness refers to the ability to produce the desired or intended result, often in a practical or efficient way."
va,sentence_completion,The artist's use of _______ and symbolism added depth and meaning to the painting.,"[""A"", ""B"", ""C"", ""D""]",Allegory,medium,"Allegory refers to a representation of abstract ideas or moral lessons through symbolic characters, events, or objects."
va,sentence_completion,The company's _______ to sustainability has led to the development of eco-friendly products and practices.,"[""A"", ""B"", ""C"", ""D""]",Commitment,medium,"Commitment is the state of being dedicated, devoted, or pledged to a particular cause, activity, or relationship."
va,verbal_analogy,FROG : POND :: FISH : ?,"[""River"", ""Lake"", ""Sea"", ""Ocean""]",Sea,medium,"Frogs live in ponds, and similarly, fish live in the sea."
va,verbal_analogy,BOOK : LIBRARY :: PAINTING : ?,"[""Artist"", ""Gallery"", ""Museum"", ""Studio""]",Gallery,medium,"Books are stored in libraries, and paintings are stored in galleries."
va,verbal_analogy,SINGER : CONCERT :: POET : ?,"[""Awards"", ""Library"", ""Bookstore"", ""Stage""]",Stage,medium,"Singers perform in concerts, and poets perform on stage."
va,verbal_analogy,KEY : LOCK :: CODE : ?,"[""Password"", ""Computer"", ""Network"", ""Server""]",Password,medium,"Keys unlock locks, and passwords unlock computer access."
va,verbal_analogy,ENGINEER : Bridge :: DOCTOR : ?,"[""Hospital"", ""Patient"", ""Medicine"", ""Nurse""]",Hospital,medium,"Engineers build bridges, and doctors work in hospitals."
va,verbal_analogy,POET : VERSE :: MUSICIAN : ?,"[""Rhythm"", ""Melody"", ""Song"", ""Instruments""]",Song,medium,"Poets write verses, and musicians write songs."
va,verbal_analogy,ACTOR : PLAY :: MUSICIAN : ?,"[""Concert"", ""Instrument"", ""Album"", ""Recording""]",Concert,medium,"Actors perform in plays, and musicians perform in concerts."
va,verbal_analogy,PILOT : AIRPLANE :: CAPTAIN : ?,"[""Ship"", ""Boat"", ""Train"", ""Car""]",Ship,medium,"Pilots fly airplanes, and captains sail ships."
va,verbal_analogy,AUTHOR : NOVEL :: DIRECTOR : ?,"[""Movie"", ""Play"", ""Film"", ""Script""]",Movie,medium,"Authors write novels, and directors make movies."
va,verbal_analogy,SCIENTIST : LABORATORY :: CHEF : ?,"[""Kitchen"", ""Restaurant"", ""Recipe"", ""Ingredient""]",Kitchen,medium,"Scientists work in laboratories, and chefs work in kitchens."
va,verbal_analogy,,[],,easy,
va,spelling_test,Pronounce the word: phlegmatic,"[""A. flejmatik"", ""B. fl\u025bgm\u00e6t\u026ak"", ""C. fl\u025bgm\u00e6t\u026ak"", ""D. flejmatik""]",B. flɛgmætɪk,hard,The correct pronunciation of phlegmatic is /ˈflɛɡmætɪk/ (FLEH-gma-tik)
va,spelling_test,Identify the correct spelling of the word: accomodate,"[""A. accommodate"", ""B. accomodate"", ""C. accomodete"", ""D. accomodatee""]",A. accommodate,hard,"The correct spelling of the word is accommodate, which is a verb meaning to provide with a place or space."
va,spelling_test,Pronounce the word: Chthonic,"[""A. \u03b8o\u028a\u02c8n\u026ak"", ""B. k\u0252\u03b8\u02c8n\u026ak"", ""C. ch\u0252n\u026ak"", ""D. k\u0254\u03b8\u02c8n\u026ak""]",A. θoʊˈnɪk,hard,The correct pronunciation of Chthonic is /θoʊˈnɪk/ (THOH-nik)
va,spelling_test,Identify the correct spelling of the word: seperate,"[""A. seperate"", ""B. separate"", ""C. separte"", ""D. seperete""]",B. separate,hard,"The correct spelling of the word is separate, which means to keep apart or distinct."
va,spelling_test,Pronounce the word: Thixotropy,"[""A. \u03b8\u026aks\u0252tr\u0259pi"", ""B. \u03b8\u026aks\u0252\u02c8tr\u0252pi"", ""C. \u03b8\u026aks\u0252tr\u0252pi"", ""D. th\u026aks\u0252tr\u0259pi""]",A. θɪksɒtrəpi,hard,The correct pronunciation of Thixotropy is /θɪksɒtrəpi/ (thix-OT-ruh-pee)
va,spelling_test,Identify the correct spelling of the word: independant,"[""A. independant"", ""B. independent"", ""C. independantee"", ""D. independanty""]",B. independent,hard,"The correct spelling of the word is independent, which means not depending on others."
va,spelling_test,Pronounce the word: Cacophony,"[""A. k\u0259k\u0259\u02c8f\u0252n\u026a"", ""B. k\u0259k\u0259\u02c8f\u0251\u02d0n\u026a"", ""C. k\u0259k\u0259\u02c8fo\u028an\u026a"", ""D. k\u0251\u02d0k\u0259\u02c8f\u0251\u02d0n\u026a""]",A. kəkəˈfɒnɪ,hard,The correct pronunciation of Cacophony is /kəkəˈfɒnɪ/ (kə-KAH-fuh-nee)
va,spelling_test,Identify the correct spelling of the word: occurence,"[""A. occurence"", ""B. occurencee"", ""C. occurencey"", ""D. occurrence""]",D. occurrence,hard,"The correct spelling of the word is occurrence, which is a noun that means the fact of something happening."
va,spelling_test,Pronounce the word: Selenite,"[""A. s\u025bl\u026ana\u026at"", ""B. s\u025bl\u026ani\u02d0t"", ""C. s\u025bl\u026ane\u026at"", ""D. s\u025bl\u026an\u026at""]",B. sɛlɪniːt,hard,The correct pronunciation of Selenite is /sɛlɪniːt/ (suh-LEN-eet)
va,spelling_test,Identify the correct spelling of the word: seperatey,"[""A. seperatey"", ""B. separate"", ""C. seperete"", ""D. separtey""]",B. separate,hard,"The correct spelling of the word is separate, which means to keep apart or distinct."
va,spelling_test,Which word is spelled correctly?,"[""Accomidate"", ""Accomidation"", ""Accomodate"", ""Accomodation""]",A,medium,Accomidate is the correct spelling of the word.
va,spelling_test,Which of the following words is spelled correctly?,"[""seperation"", ""seperation"", ""seperation"", ""seperation""]",B,medium,seperation is the correct spelling of the word.
va,spelling_test,Which of the following words is spelled correctly?,"[""acknolegde"", ""acknolegde"", ""acknolegde"", ""acknolegde""]",C,medium,acknolegde is the correct spelling of the word.
va,spelling_test,Which of the following words is spelled correctly?,"[""indescrishible"", ""indescrishible"", ""indescrishible"", ""indescrishible""]",B,medium,indescrishible is the correct spelling of the word.
va,spelling_test,Which word is spelled correctly?,"[""existance"", ""existance"", ""existance"", ""existance""]",C,medium,existance is the correct spelling of the word.
va,spelling_test,Which of the following words is spelled correctly?,"[""neccessary"", ""neccessary"", ""neccessary"", ""neccessary""]",B,medium,neccessary is the correct spelling of the word.
va,spelling_test,Which word is spelled correctly?,"[""comitment"", ""comitment"", ""comitment"", ""comitment""]",A,medium,comitment is the correct spelling of the word.
va,spelling_test,Which of the following words is spelled correctly?,"[""recieve"", ""recieve"", ""recieve"", ""recieve""]",C,medium,recieve is the correct spelling of the word.
va,spelling_test,Which of the following words is spelled correctly?,"[""disapoint"", ""disapoint"", ""disapoint"", ""disapoint""]",B,medium,disapoint is the correct spelling of the word.
va,spelling_test,Which word is spelled correctly?,"[""seperation"", ""seperation"", ""seperation"", ""seperation""]",B,medium,seperation is the correct spelling of the word.
va,verbal_analogy,FROG : LILYPAD as DOG : ?,"[""HOUSE"", ""CAR"", ""TREE"", ""BED""]",HOUSE,medium,The analogy is based on the relationship between a living creature and its habitat.
va,verbal_analogy,PAINT : BRUSH as WORD : ?,"[""PEN"", ""BOOK"", ""FINGER"", ""EYES""]",PEN,medium,The analogy is based on the relationship between a tool used to create something and the thing being created.
va,verbal_analogy,CLOUD : RAIN as BLOWING : ?,"[""SMOKING"", ""EATING"", ""DRINKING"", ""SLEEPING""]",SMOKING,medium,The analogy is based on the relationship between a cause and its effect.
va,verbal_analogy,ENGINEER : BUILDING as CHEMIST : ?,"[""LABORATORY"", ""PLANT"", ""PHARMACY"", ""MACHINE""]",LABORATORY,medium,The analogy is based on the relationship between a profession and its typical workplace.
va,verbal_analogy,SUN : DAY as MOON : ?,"[""WEEK"", ""MONTH"", ""YEAR"", ""NIGHT""]",NIGHT,medium,The analogy is based on the relationship between a celestial body and a related phenomenon or period.
va,verbal_analogy,PENCIL : ERASER as PAINTER : ?,"[""BRUSH"", ""PALETTE"", ""EASEL"", ""CANVAS""]",BRUSH,medium,The analogy is based on the relationship between a tool used to create something and an object that corrects or removes it.
va,verbal_analogy,BOOK : LIBRARY as PAINTING : ?,"[""MUSEUM"", ""STUDIO"", ""GALLERY"", ""FRAME""]",MUSEUM,medium,The analogy is based on the relationship between a collection of works and a place where they are displayed or preserved.
va,verbal_analogy,DOCTOR : HOSPITAL as TEACHER : ?,"[""SCHOOL"", ""CLASSROOM"", ""STUDENT"", ""TEXTBOOK""]",SCHOOL,medium,The analogy is based on the relationship between a professional and their typical workplace.
va,verbal_analogy,FLOWER : GARDEN as BOOK : ?,"[""LIBRARY"", ""PAPER"", ""PENCIL"", ""BOOKSHELF""]",LIBRARY,medium,The analogy is based on the relationship between a living thing and its environment or a collection of similar items.
va,verbal_analogy,GUITAR : MUSICIAN as PALETTE : ?,"[""ARTIST"", ""BRUSH"", ""CANVAS"", ""FRAME""]",ARTIST,medium,The analogy is based on the relationship between a tool used to create something and the person using it.
va,tenses,Tanya will be studying for her exam.,"[""A. She is studying."", ""B. She was studying."", ""C. She will be studying."", ""D. She has been studying.""]",C,easy,"This sentence is in the future continuous tense, indicating an action that will be in progress at a specific point in the future."
va,tenses,I had eaten breakfast before leaving home.,"[""A. I will have eaten."", ""B. I was eating."", ""C. I had eaten."", ""D. I will eat.""]",C,easy,"This sentence is in the past perfect tense, indicating an action that occurred before another action in the past."
va,tenses,"By the time I arrived, they had already eaten dinner.","[""A. They were eating dinner."", ""B. They will have eaten dinner."", ""C. They had already eaten dinner."", ""D. They are eating dinner.""]",C,easy,"This sentence is in the past perfect tense, indicating an action that occurred before another action in the past."
va,tenses,"If I won the lottery, I would travel around the world.","[""A. I am travelling."", ""B. I was travelling."", ""C. I would travel."", ""D. I have travelled.""]",C,easy,"This sentence is in the conditional tense, indicating a hypothetical or uncertain action."
va,tenses,"By the year 2050, solar power will have reduced carbon emissions.","[""A. Solar power reduces carbon emissions."", ""B. Solar power will reduce carbon emissions."", ""C. Solar power has reduced carbon emissions."", ""D. Solar power will have reduced carbon emissions.""]",D,easy,"This sentence is in the future perfect tense, indicating an action that will be completed at a specific point in the future."
va,tenses,"When I was a child, my mother would read me stories.","[""A. My mother reads me stories."", ""B. My mother is reading me stories."", ""C. My mother has read me stories."", ""D. My mother would read me stories.""]",D,easy,"This sentence is in the past conditional tense, indicating a hypothetical or uncertain action in the past."
va,tenses,The concert will be held next Saturday.,"[""A. The concert is being held."", ""B. The concert was held."", ""C. The concert will be held."", ""D. The concert has been held.""]",C,easy,"This sentence is in the future simple tense, indicating an action that will occur at a specific point in the future."
va,tenses,I eat breakfast at 7 in the morning.,"[""A. I ate breakfast."", ""B. I will eat breakfast."", ""C. I have eaten breakfast."", ""D. I eat breakfast.""]",D,easy,"This sentence is in the present simple tense, indicating an action that occurs regularly."
va,tenses,They had been studying English for two years before moving to the United States.,"[""A. They are studying English."", ""B. They will study English."", ""C. They have been studying English."", ""D. They were studying English.""]",C,easy,"This sentence is in the present perfect continuous tense, indicating an action that started in the past and continues up to the present."
va,tenses,Which tense is used to describe an action that is happening at the present moment?,"[""A. Present perfect tense"", ""B. Present continuous tense"", ""C. Past simple tense"", ""D. Future simple tense""]",B,easy,The present continuous tense is used to describe an action that is happening at the present moment.
va,tenses,What is the name of the tense used to describe an action that started in the past and has not finished yet?,"[""A. Past simple tense"", ""B. Present perfect tense"", ""C. Past continuous tense"", ""D. Future perfect tense""]",B,easy,The present perfect tense is used to describe an action that started in the past and has not finished yet.
va,tenses,Which tense is used to describe a completed action in the past?,"[""A. Past continuous tense"", ""B. Past simple tense"", ""C. Present perfect tense"", ""D. Future simple tense""]",B,easy,The past simple tense is used to describe a completed action in the past.
va,tenses,What is the name of the tense used to describe a future action?,"[""A. Past simple tense"", ""B. Future simple tense"", ""C. Present perfect tense"", ""D. Past continuous tense""]",B,easy,The future simple tense is used to describe a future action.
va,tenses,Which tense is used to describe an action that is repeated regularly?,"[""A. Present perfect tense"", ""B. Present simple tense"", ""C. Past simple tense"", ""D. Future simple tense""]",B,easy,The present simple tense is used to describe an action that is repeated regularly.
va,tenses,What is the name of the tense used to describe an action that started in the past and will continue up to the present?,"[""A. Past simple tense"", ""B. Past continuous tense"", ""C. Present perfect tense"", ""D. Past perfect tense""]",C,easy,The present perfect tense is used to describe an action that started in the past and will continue up to the present.
va,tenses,Which tense is used to describe a future action that will be completed at a specific time?,"[""A. Future simple tense"", ""B. Future perfect tense"", ""C. Present simple tense"", ""D. Present perfect tense""]",B,easy,The future perfect tense is used to describe a future action that will be completed at a specific time.
va,tenses,What is the name of the tense used to describe an action that was repeated in the past?,"[""A. Past simple tense"", ""B. Past continuous tense"", ""C. Past perfect tense"", ""D. Past perfect continuous tense""]",C,easy,The past perfect tense is used to describe an action that was repeated in the past.
va,tenses,Which tense is used to describe an action that will be started in the future and continued up to a specific time?,"[""A. Future simple tense"", ""B. Future continuous tense"", ""C. Present simple tense"", ""D. Present perfect tense""]",B,easy,The future continuous tense is used to describe an action that will be started in the future and continued up to a specific time.
va,tenses,What is the name of the tense used to describe an action that started before another action in the past?,"[""A. Past simple tense"", ""B. Past continuous tense"", ""C. Past perfect tense"", ""D. Past perfect continuous tense""]",C,easy,The past perfect tense is used to describe an action that started before another action in the past.
va,tenses,What tense is used to describe a future action?,"[""A. Past Simple"", ""B. Present Perfect"", ""C. Future Simple"", ""D. Past Continuous""]",C,easy,The Future Simple tense is used to describe a future action that will definitely happen.
va,tenses,Which of the following sentences is in the present continuous tense?,"[""A. I am eating breakfast"", ""B. I eat breakfast"", ""C. I have eaten breakfast"", ""D. I will eat breakfast""]",A,easy,The present continuous tense is used to describe an action that is happening now.
va,tenses,What tense is used to describe an action that started in the past and continues up to the present?,"[""A. Past Simple"", ""B. Past Perfect"", ""C. Present Perfect"", ""D. Past Continuous""]",C,easy,The Present Perfect tense is used to describe an action that started in the past and continues up to the present.
va,tenses,Which of the following sentences is in the past perfect tense?,"[""A. I have eaten breakfast"", ""B. I ate breakfast"", ""C. I was eating breakfast"", ""D. I had eaten breakfast""]",D,easy,The past perfect tense is used to describe an action that happened before another action in the past.
va,tenses,What tense is used to describe a repeated action in the past?,"[""A. Past Simple"", ""B. Present Perfect"", ""C. Past Continuous"", ""D. Past Simple Progressive""]",A,easy,The Past Simple tense is used to describe a repeated action in the past.
va,tenses,Which of the following sentences is in the future perfect tense?,"[""A. I will eat breakfast"", ""B. I have eaten breakfast"", ""C. I was eating breakfast"", ""D. I will have eaten breakfast""]",D,easy,The future perfect tense is used to describe an action that will be completed at a specific point in the future.
va,tenses,What tense is used to describe an action that is happening at the same time as another action?,"[""A. Past Simple"", ""B. Present Perfect"", ""C. Past Continuous"", ""D. Present Continuous""]",C,easy,The Past Continuous tense is used to describe an action that was happening at the same time as another action in the past.
va,tenses,Which of the following sentences is in the present perfect simple tense?,"[""A. I eat breakfast"", ""B. I have eaten breakfast"", ""C. I am eating breakfast"", ""D. I will eat breakfast""]",B,easy,The present perfect simple tense is used to describe an action that started in the past and continues up to the present.
va,tenses,What tense is used to describe a completed action in the past?,"[""A. Past Simple"", ""B. Past Continuous"", ""C. Past Perfect"", ""D. Past Perfect Continuous""]",A,easy,The Past Simple tense is used to describe a completed action in the past.
va,tenses,Which of the following sentences is in the future perfect continuous tense?,"[""A. I will have been working"", ""B. I have been working"", ""C. I was working"", ""D. I will work""]",A,easy,The future perfect continuous tense is used to describe an action that will continue up to a specific point in the future.
va,tenses,Which of the following sentences is in the Present Perfect tense?,"[""A. I am studying English."", ""B. I have studied English."", ""C. I will study English."", ""D. I studied English.""]",B,easy,The present perfect tense is used to describe actions that started in the past and continue up to the present time.
va,tenses,Which of the following sentences is in the Past Simple tense?,"[""A. I am studying English."", ""B. I have studied English."", ""C. I studied English."", ""D. I will study English.""]",C,easy,The past simple tense is used to describe completed actions in the past.
va,tenses,Which of the following sentences is in the Future Continuous tense?,"[""A. I am studying English."", ""B. I have studied English."", ""C. I will be studying English."", ""D. I studied English.""]",C,easy,The future continuous tense is used to describe actions that will be in progress at a specific time in the future.
va,tenses,Which of the following sentences is in the Present Continuous tense?,"[""A. I am studying English."", ""B. I have studied English."", ""C. I will study English."", ""D. I studied English.""]",A,easy,The present continuous tense is used to describe actions that are happening now.
va,tenses,Which of the following sentences is in the Past Perfect tense?,"[""A. I am studying English."", ""B. I have studied English."", ""C. I studied English."", ""D. I had studied English.""]",D,easy,The past perfect tense is used to describe actions that happened before another action in the past.
va,tenses,Which of the following sentences is in the Present Simple tense?,"[""A. I am studying English."", ""B. I have studied English."", ""C. I study English."", ""D. I will study English.""]",C,easy,The present simple tense is used to describe habitual or regular actions.
va,tenses,Which of the following sentences is in the Future Simple tense?,"[""A. I am studying English."", ""B. I have studied English."", ""C. I will study English."", ""D. I studied English.""]",C,easy,The future simple tense is used to describe actions that will happen at a specific time in the future.
va,tenses,Which of the following sentences is in the Past Continuous tense?,"[""A. I am studying English."", ""B. I have studied English."", ""C. I was studying English."", ""D. I studied English.""]",C,easy,The past continuous tense is used to describe actions that were happening at a specific time in the past.
va,tenses,Which of the following sentences is in the Present Perfect Continuous tense?,"[""A. I am studying English."", ""B. I have been studying English."", ""C. I study English."", ""D. I will study English.""]",B,easy,The present perfect continuous tense is used to describe actions that started in the past and continue up to the present time.
va,tenses,Which of the following sentences is in the Past Perfect Continuous tense?,"[""A. I am studying English."", ""B. I have been studying English."", ""C. I was studying English."", ""D. I had been studying English.""]",D,easy,The past perfect continuous tense is used to describe actions that happened before another action in the past and continued up to that point.
va,tenses,Which of the following verbs is in the present simple tense?,"[""A. I walk"", ""B. I am walking"", ""C. I will walk"", ""D. I was walking""]",A,easy,"The present simple tense is used to describe habits, routines, and general truths."
va,tenses,Which tense is used to describe a future action?,"[""A. Past Simple"", ""B. Present Continuous"", ""C. Past Perfect"", ""D. Future Simple""]",D,easy,The future simple tense is used to describe future actions or events.
va,tenses,Which of the following sentences is in the past perfect tense?,"[""A. I had eaten"", ""B. I will eat"", ""C. I am eating"", ""D. I ate""]",A,easy,The past perfect tense is used to describe an action that happened before another action in the past.
va,tenses,Which tense is used to describe a recurring or habitual action?,"[""A. Present Continuous"", ""B. Past Simple"", ""C. Present Simple"", ""D. Past Continuous""]",C,easy,The present simple tense is used to describe recurring or habitual actions.
va,tenses,Which of the following verbs is in the past continuous tense?,"[""A. I was eating"", ""B. I had eaten"", ""C. I will eat"", ""D. I am eating""]",A,easy,The past continuous tense is used to describe an action that was happening at a specific time in the past.
va,tenses,Which tense is used to describe a general truth?,"[""A. Past Simple"", ""B. Present Simple"", ""C. Past Continuous"", ""D. Future Simple""]",B,easy,The present simple tense is used to describe general truths.
va,tenses,Which of the following sentences is in the future perfect tense?,"[""A. I will have eaten"", ""B. I had eaten"", ""C. I am eating"", ""D. I will eat""]",A,easy,The future perfect tense is used to describe an action that will be completed before a specific time in the future.
va,tenses,Which tense is used to describe an action that started and finished in the past?,"[""A. Past Simple"", ""B. Past Continuous"", ""C. Past Perfect"", ""D. Past Perfect Continuous""]",D,easy,The past perfect continuous tense is used to describe an action that started and finished in the past.
va,tenses,Which of the following verbs is in the present continuous tense?,"[""A. I walk"", ""B. I am walking"", ""C. I will walk"", ""D. I was walking""]",B,easy,The present continuous tense is used to describe an action that is happening at the moment of speaking.
va,tenses,Which tense is used to describe a habitual or repeated action in the past?,"[""A. Past Simple"", ""B. Past Continuous"", ""C. Past Simple with a frequency adverb"", ""D. Past Perfect""]",C,easy,The past simple tense with a frequency adverb is used to describe habitual or repeated actions in the past.
va,tenses,Which tense is used to describe a future action?,"[""A. Past Perfect"", ""B. Future Perfect"", ""C. Past Simple"", ""D. Present Continuous""]",B,medium,The future perfect tense is used to describe an action that will be completed at a specific point in the future.
va,tenses,Which of the following sentences is in the past perfect tense?,"[""A. I had eaten breakfast by 8 am."", ""B. I eat breakfast by 8 am."", ""C. I will eat breakfast by 8 am."", ""D. I am eating breakfast.""]",A,medium,The past perfect tense is used to describe an action that occurred before another action in the past.
va,tenses,Which tense is used to describe a routine or repeated action in the present?,"[""A. Present Simple"", ""B. Present Continuous"", ""C. Present Perfect"", ""D. Present Perfect Continuous""]",A,medium,The present simple tense is used to describe routine or repeated actions in the present.
va,tenses,Which of the following sentences is in the future simple tense?,"[""A. I will eat breakfast."", ""B. I am eating breakfast."", ""C. I have eaten breakfast."", ""D. I eat breakfast.""]",A,medium,The future simple tense is used to describe an action that will occur in the future.
va,tenses,Which tense is used to describe an action that started in the past and continues up to the present?,"[""A. Past Simple"", ""B. Present Perfect"", ""C. Past Perfect"", ""D. Present Perfect Continuous""]",D,medium,The present perfect continuous tense is used to describe an action that started in the past and continues up to the present.
va,tenses,Which of the following sentences is in the past continuous tense?,"[""A. I was eating breakfast."", ""B. I had eaten breakfast."", ""C. I will eat breakfast."", ""D. I eat breakfast.""]",A,medium,The past continuous tense is used to describe an action that was in progress at a specific point in the past.
va,tenses,Which tense is used to describe an action that started in the present and continues up to the present?,"[""A. Present Simple"", ""B. Present Perfect"", ""C. Present Perfect Continuous"", ""D. Present Continuous""]",C,medium,The present perfect continuous tense is used to describe an action that started in the present and continues up to the present.
va,tenses,Which of the following sentences is in the future perfect tense?,"[""A. I will have eaten breakfast."", ""B. I will eat breakfast."", ""C. I was eating breakfast."", ""D. I have eaten breakfast.""]",A,medium,The future perfect tense is used to describe an action that will be completed at a specific point in the future.
va,tenses,Which tense is used to describe a completed action in the past?,"[""A. Past Simple"", ""B. Past Perfect"", ""C. Past Perfect Continuous"", ""D. Past Continuous""]",A,medium,The past simple tense is used to describe a completed action in the past.
va,tenses,Which of the following sentences is in the present perfect tense?,"[""A. I have eaten breakfast."", ""B. I will eat breakfast."", ""C. I am eating breakfast."", ""D. I eat breakfast.""]",A,medium,The present perfect tense is used to describe an action that occurred at an unspecified time in the past.
va,tenses,Which of the following sentences is in the future perfect continuous tense?,"[""A. I will be studying English by next year."", ""B. I have been studying English since last year."", ""C. I will have been studying English for three years by next year."", ""D. I am studying English now.""]",C,medium,"The future perfect continuous tense is used to describe an action that will be in progress at a specific point in the future. In this case, the sentence 'I will have been studying English for three years by next year' uses this tense correctly."
va,tenses,Which of the following sentences is in the present simple tense?,"[""A. I am studying English now."", ""B. I studied English last year."", ""C. I will study English next year."", ""D. I study English every day.""]",D,medium,"The present simple tense is used to describe regular, repeated actions or situations. In this case, the sentence 'I study English every day' uses this tense correctly to describe a regular action."
va,tenses,Which of the following sentences is in the past perfect tense?,"[""A. I finished my project yesterday."", ""B. I had finished my project by yesterday."", ""C. I will finish my project tomorrow."", ""D. I finish my project every day.""]",B,medium,"The past perfect tense is used to describe an action that occurred before another action in the past. In this case, the sentence 'I had finished my project by yesterday' uses this tense correctly to describe an action that occurred before another action."
va,tenses,Which of the following sentences is in the future simple tense?,"[""A. I will be studying English next year."", ""B. I have been studying English for three years."", ""C. I will study English next year."", ""D. I studied English last year.""]",C,medium,"The future simple tense is used to describe an action that will take place at a specific point in the future. In this case, the sentence 'I will study English next year' uses this tense correctly."
va,tenses,Which of the following sentences is in the present continuous tense?,"[""A. I studied English last year."", ""B. I will study English next year."", ""C. I am studying English now."", ""D. I have been studying English since last year.""]",C,medium,"The present continuous tense is used to describe an action that is currently happening. In this case, the sentence 'I am studying English now' uses this tense correctly to describe an action that is currently happening."
va,tenses,Which of the following sentences is in the past continuous tense?,"[""A. I was studying English last year."", ""B. I will be studying English next year."", ""C. I have been studying English since last year."", ""D. I studied English yesterday.""]",A,medium,"The past continuous tense is used to describe an action that was happening at a specific point in the past. In this case, the sentence 'I was studying English last year' uses this tense correctly."
va,tenses,Which of the following sentences is in the present perfect tense?,"[""A. I have been studying English since last year."", ""B. I studied English last year."", ""C. I will have been studying English for three years by next year."", ""D. I study English every day.""]",A,medium,"The present perfect tense is used to describe an action that started in the past and continues up to the present moment. In this case, the sentence 'I have been studying English since last year' uses this tense correctly."
va,tenses,Which of the following sentences is in the past simple tense?,"[""A. I am studying English now."", ""B. I will study English next year."", ""C. I studied English last year."", ""D. I have been studying English since last year.""]",C,medium,"The past simple tense is used to describe a completed action in the past. In this case, the sentence 'I studied English last year' uses this tense correctly."
va,tenses,Which of the following sentences is in the future perfect tense?,"[""A. I will have been studying English for three years by next year."", ""B. I have been studying English since last year."", ""C. I will be studying English next year."", ""D. I studied English last year.""]",A,medium,"The future perfect tense is used to describe an action that will be completed at a specific point in the future. In this case, the sentence 'I will have been studying English for three years by next year' uses this tense correctly."
va,tenses,Which of the following sentences is in the present perfect continuous tense?,"[""A. I have been studying English since last year."", ""B. I have studied English for three years."", ""C. I will have been studying English for three years by next year."", ""D. I am studying English now.""]",A,medium,"The present perfect continuous tense is used to describe an action that started in the past and continues up to the present moment. In this case, the sentence 'I have been studying English since last year' uses this tense correctly."
va,tenses,A boy is playing football. What tense is the verb 'is playing' in?,"[""A. Present Simple"", ""B. Present Continuous"", ""C. Past Simple"", ""D. Past Continuous""]",B,medium,"The verb 'is playing' in the sentence 'A boy is playing football' is in the Present Continuous tense, which is used to describe an action that is happening at the moment of speaking."
va,tenses,Raj will eat his breakfast at 8 a.m. What tense is the verb 'will eat' in?,"[""A. Present Simple"", ""B. Present Continuous"", ""C. Future Simple"", ""D. Future Continuous""]",C,medium,"The verb 'will eat' in the sentence 'Raj will eat his breakfast at 8 a.m' is in the Future Simple tense, which is used to describe an action that will happen in the future."
va,tenses,She has been working here for five years. What tense is the verb 'has been working' in?,"[""A. Present Simple"", ""B. Present Continuous"", ""C. Past Simple"", ""D. Past Perfect Continuous""]",D,medium,"The verb 'has been working' in the sentence 'She has been working here for five years' is in the Past Perfect Continuous tense, which is used to describe an action that started and continued up to a specific point in the past."
va,tenses,The sun will set at 6 p.m. What tense is the verb 'will set' in?,"[""A. Present Simple"", ""B. Past Simple"", ""C. Future Simple"", ""D. Future Continuous""]",C,medium,"The verb 'will set' in the sentence 'The sun will set at 6 p.m.' is in the Future Simple tense, which is used to describe an action that will happen in the future."
va,tenses,I was sleeping when my phone rang. What tense is the verb 'was sleeping' in?,"[""A. Present Simple"", ""B. Present Continuous"", ""C. Past Simple"", ""D. Past Continuous""]",D,medium,"The verb 'was sleeping' in the sentence 'I was sleeping when my phone rang' is in the Past Continuous tense, which is used to describe an action that was happening at a specific point in the past."
va,tenses,"By the time I arrived, they had already eaten. What tense is the verb 'had eaten' in?","[""A. Past Simple"", ""B. Past Perfect"", ""C. Future Simple"", ""D. Future Perfect""]",B,medium,"The verb 'had eaten' in the sentence 'By the time I arrived, they had already eaten' is in the Past Perfect tense, which is used to describe an action that was completed before another action in the past."
va,tenses,They will be playing cricket at 3 p.m. What tense is the verb 'will be playing' in?,"[""A. Present Simple"", ""B. Present Continuous"", ""C. Future Simple"", ""D. Future Continuous""]",D,medium,"The verb 'will be playing' in the sentence 'They will be playing cricket at 3 p.m' is in the Future Continuous tense, which is used to describe an action that will be happening at a specific point in the future."
va,tenses,The new policy will come into effect from next month. What tense is the verb 'will come' in?,"[""A. Present Simple"", ""B. Past Simple"", ""C. Future Simple"", ""D. Future Continuous""]",C,medium,"The verb 'will come' in the sentence 'The new policy will come into effect from next month' is in the Future Simple tense, which is used to describe an action that will happen in the future."
va,tenses,She has been studying English for three years. What tense is the verb 'has been studying' in?,"[""A. Present Simple"", ""B. Present Continuous"", ""C. Past Simple"", ""D. Past Perfect Continuous""]",D,medium,"The verb 'has been studying' in the sentence 'She has been studying English for three years' is in the Past Perfect Continuous tense, which is used to describe an action that started and continued up to a specific point in the past."
va,tenses,"By the time I arrived, they had already finished their work. What tense is the verb 'had finished' in?","[""A. Past Simple"", ""B. Past Perfect"", ""C. Future Simple"", ""D. Future Perfect""]",B,medium,"The verb 'had finished' in the sentence 'By the time I arrived, they had already finished their work' is in the Past Perfect tense, which is used to describe an action that was completed before another action in the past."
va,tenses,"Identify the correct form of the verb in the following sentence: By the time I _______________ college, I had already traveled to several countries.","[""A. was attending"", ""B. attend"", ""C. attended"", ""D. will attend""]",C,medium,"The verb in the sentence is in the past perfect tense, so the correct form is 'attended'."
va,tenses,"Choose the correct option to complete the sentence: If I _______________ you, I would have invited you to my party.","[""A. had known"", ""B. know"", ""C. knew"", ""D. will know""]",A,medium,"The verb in the sentence is in the third conditional, so the correct form is 'had known'."
va,tenses,"Identify the correct form of the verb in the following sentence: By next year, I _______________ for five years.","[""A. will work"", ""B. work"", ""C. have worked"", ""D. am working""]",B,medium,"The verb in the sentence is in the present simple future, so the correct form is 'work'."
va,tenses,"Choose the correct option to complete the sentence: If I _______________ my homework, I wouldn't have been late for class.","[""A. had done"", ""B. do"", ""C. did"", ""D. will do""]",A,medium,"The verb in the sentence is in the third conditional, so the correct form is 'had done'."
va,tenses,Identify the correct form of the verb in the following sentence: I _______________ to the gym every day for the past month.,"[""A. go"", ""B. have gone"", ""C. was going"", ""D. go""]",D,medium,"The verb in the sentence is in the present simple, so the correct form is 'go'."
va,tenses,"Choose the correct option to complete the sentence: By the time I _______________ my degree, I had already started my career.","[""A. had graduated"", ""B. graduate"", ""C. was graduating"", ""D. will graduate""]",A,medium,"The verb in the sentence is in the past perfect tense, so the correct form is 'had graduated'."
va,tenses,"Identify the correct form of the verb in the following sentence: I _______________ the book yesterday, but I haven't finished it yet.","[""A. read"", ""B. have read"", ""C. had read"", ""D. will read""]",B,medium,"The verb in the sentence is in the present perfect, so the correct form is 'have read'."
va,tenses,"Choose the correct option to complete the sentence: If I won the lottery, I _______________ to travel the world.","[""A. will be"", ""B. am"", ""C. had been"", ""D. would have been""]",D,medium,"The verb in the sentence is in the third conditional, so the correct form is 'would have been'."
va,tenses,Identify the correct form of the verb in the following sentence: I _______________ to the doctor because I was feeling unwell.,"[""A. went"", ""B. have gone"", ""C. was going"", ""D. will go""]",A,medium,"The verb in the sentence is in the simple past, so the correct form is 'went'."
va,tenses,"Choose the correct option to complete the sentence: By the time I _______________ college, I had already learned three languages.","[""A. had graduated"", ""B. graduate"", ""C. was graduating"", ""D. will graduate""]",A,medium,"The verb in the sentence is in the past perfect tense, so the correct form is 'had graduated'."
va,tenses,He had been studying for the exam for three hours when his friend called.,"[""A. He had been studying for three hours."", ""B. He had been studying for three hours when his friend called him."", ""C. He was studying for three hours when his friend called him."", ""D. He had been studying for three hours when his friend called him too.""]",A,medium,The sentence uses the past perfect tense to show that He had been studying for three hours before his friend called.
va,tenses,The new policy will be implemented in the next quarter.,"[""A. The new policy has been implemented."", ""B. The new policy is being implemented."", ""C. The new policy will be implemented."", ""D. The new policy has been implemented yet.""]",C,medium,The sentence uses the future simple tense to show that the action of implementing the policy will take place in the future.
va,tenses,She will have graduated by the time she turns twenty-two.,"[""A. She had graduated by the time she turned twenty-two."", ""B. She will graduate by the time she turns twenty-two."", ""C. She will have graduated by the time she turns twenty-two."", ""D. She had graduated by the time she turns twenty-two.""]",C,medium,The sentence uses the future perfect tense to show that the action of graduating will be completed before she turns twenty-two.
va,tenses,I had eaten breakfast when my mom called me.,"[""A. I had eaten breakfast."", ""B. I will have eaten breakfast."", ""C. I was eating breakfast."", ""D. I will eat breakfast.""]",A,medium,The sentence uses the past perfect tense to show that I had eaten breakfast before my mom called me.
va,tenses,"If I won the lottery, I would travel around the world.","[""A. I will travel around the world."", ""B. I would travel around the world."", ""C. I am traveling around the world."", ""D. I have traveled around the world.""]",B,medium,The sentence uses the conditional tense to express a hypothetical situation and the action that would take place if it were true.
va,tenses,The company had been facing financial difficulties for several years before it went bankrupt.,"[""A. The company has been facing financial difficulties."", ""B. The company will be facing financial difficulties."", ""C. The company had been facing financial difficulties."", ""D. The company is facing financial difficulties.""]",C,medium,The sentence uses the past perfect tense to show that the company had been facing financial difficulties before it went bankrupt.
va,tenses,"By the time I finish my degree, I will have studied for four years.","[""A. I will have studied for four years."", ""B. I will study for four years."", ""C. I have studied for four years."", ""D. I am studying for four years.""]",A,medium,The sentence uses the future perfect tense to show that the action of studying will be completed before I finish my degree.
va,tenses,The new employee was introduced to the team yesterday.,"[""A. The new employee had been introduced to the team."", ""B. The new employee is being introduced to the team."", ""C. The new employee was introduced to the team."", ""D. The new employee will be introduced to the team.""]",C,medium,The sentence uses the past simple tense to show that the action of introducing the new employee took place yesterday.
va,tenses,I will have eaten dinner by the time you arrive.,"[""A. I have eaten dinner."", ""B. I will eat dinner."", ""C. I was eating dinner."", ""D. I will have eaten dinner.""]",D,medium,The sentence uses the future perfect tense to show that the action of eating dinner will be completed before you arrive.
va,tenses,"The company will be implementing a new policy in the next quarter, which will increase productivity.","[""A. The new policy will increase productivity."", ""B. The new policy is increasing productivity."", ""C. The new policy has increased productivity."", ""D. The new policy will be increasing productivity in the next quarter.""]",A,medium,The sentence uses the future simple tense to show that the action of implementing the policy and increasing productivity will take place in the future.
va,tenses,The sentence 'I will have left by the time you arrive' is in which tense?,"[""A. Present Perfect Continuous"", ""B. Future Perfect Continuous"", ""C. Future Simple"", ""D. Present Simple""]",B,hard,"The sentence uses the auxiliary verb 'will have' to indicate an action that will be completed before a point in the future, making it Future Perfect Continuous tense."
va,tenses,Which of the following sentences is in the Present Simple tense?,"[""A. I will go to the movies tonight"", ""B. I go to the movies every Friday"", ""C. I went to the movies last night"", ""D. I have been going to the movies every week""]",B,hard,"The sentence only contains the base form of the verb 'go' without any auxiliary verbs or other forms of the verb, making it Present Simple tense."
va,tenses,"Identify the tense of the sentence 'By the time I left, they had already eaten dinner'.","[""A. Past Simple"", ""B. Past Perfect Continuous"", ""C. Past Perfect"", ""D. Present Perfect Continuous""]",C,hard,"The sentence uses the past tense of the auxiliary verb 'had' to indicate an action that was completed before another action in the past, making it Past Perfect tense."
va,tenses,The sentence 'I have been studying English for three years' is in which tense?,"[""A. Present Perfect"", ""B. Present Perfect Continuous"", ""C. Past Simple"", ""D. Future Simple""]",B,hard,"The sentence uses the auxiliary verb 'have been' to indicate an action that started in the past and continues up to the present, making it Present Perfect Continuous tense."
va,tenses,Identify the tense of the sentence 'I will be studying English for three years by next summer'.,"[""A. Future Simple"", ""B. Future Continuous"", ""C. Present Perfect"", ""D. Present Perfect Continuous""]",B,hard,"The sentence uses the auxiliary verb 'will be' to indicate an action that will continue up to a point in the future, making it Future Continuous tense."
va,tenses,The sentence 'I had eaten breakfast by the time I left the house' is in which tense?,"[""A. Past Simple"", ""B. Past Perfect"", ""C. Present Perfect"", ""D. Present Perfect Continuous""]",B,hard,"The sentence uses the past tense of the auxiliary verb 'had' to indicate an action that was completed before another action in the past, making it Past Perfect tense."
va,tenses,Which of the following sentences is in the Past Perfect Continuous tense?,"[""A. I had been studying English for three years before I moved to the UK"", ""B. I went to the movies last night"", ""C. I will be studying English next year"", ""D. I studied English in college""]",A,hard,"The sentence uses the auxiliary verb 'had been' to indicate an action that started in the past and continued up to a point in the past, making it Past Perfect Continuous tense."
va,tenses,Identify the tense of the sentence 'I will have been studying English for three years by next summer'.,"[""A. Future Perfect"", ""B. Future Perfect Continuous"", ""C. Present Perfect"", ""D. Present Perfect Continuous""]",B,hard,"The sentence uses the auxiliary verb 'will have been' to indicate an action that will start in the past and continue up to a point in the future, making it Future Perfect Continuous tense."
va,tenses,The sentence 'I had been studying English for three years before I moved to the UK' is in which tense?,"[""A. Past Simple"", ""B. Past Perfect Continuous"", ""C. Past Perfect"", ""D. Present Perfect""]",B,hard,"The sentence uses the auxiliary verb 'had been' to indicate an action that started in the past and continued up to a point in the past, making it Past Perfect Continuous tense."
va,tenses,Which of the following sentences is in the Future Perfect tense?,"[""A. I will have been studying English for three years next year"", ""B. I go to the movies every Friday"", ""C. I will study English next year"", ""D. I have been studying English for three years""]",A,hard,"The sentence uses the auxiliary verb 'will have' to indicate an action that will be completed before a point in the future, making it Future Perfect tense."
va,tenses,"By the time she reached the store, they had already ____________________ all the items she wanted.","[""A. sold"", ""B. bought"", ""C. sold out"", ""D. were buying""]",C,hard,"The use of the past perfect tense ""had already sold"" emphasizes that the items were sold before she reached the store."
va,tenses,"By the time I arrived at the party, they ____________________ for hours.","[""A. have been dancing"", ""B. were dancing"", ""C. have danced"", ""D. had danced""]",B,hard,"The use of the past simple tense ""were dancing"" emphasizes that the dancing action occurred at a specific point in the past, before the speaker arrived."
va,tenses,"If I ____________________ the homework, I would have finished it by now.","[""A. do"", ""B. did"", ""C. have done"", ""D. had done""]",D,hard,"The use of the conditional perfect tense ""would have finished"" emphasizes the hypothetical nature of the situation."
va,tenses,The scientists had been studying the phenomenon for years before they finally ____________________ a pattern.,"[""A. discovered"", ""B. have discovered"", ""C. discover"", ""D. were discovering""]",A,hard,"The use of the past perfect tense ""had been studying"" emphasizes that the action of studying occurred before the discovery."
va,tenses,"By next year, the new policy ____________________ for all employees.","[""A. will be implemented"", ""B. has been implemented"", ""C. is being implemented"", ""D. will have been implemented""]",D,hard,"The use of the future perfect tense ""will have been implemented"" emphasizes the completion of the policy at a specific point in the future."
va,tenses,The tourists had been exploring the city for days before they stumbled upon the hidden museum ____________________ in the 18th century.,"[""A. that was built"", ""B. which was built"", ""C. built"", ""D. that have been built""]",B,hard,"The use of the relative pronoun ""which"" and the past perfect tense ""was built"" emphasizes the historical significance of the museum."
va,tenses,"If I won the lottery, I ____________________ a house on the beach.","[""A. had bought"", ""B. would buy"", ""C. will buy"", ""D. could buy""]",B,hard,"The use of the conditional tense ""would buy"" emphasizes the hypothetical nature of the situation."
va,tenses,"By the time she finished her degree, she ____________________ the research project for three years.","[""A. had been working on"", ""B. was working on"", ""C. have been working on"", ""D. had worked on""]",A,hard,"The use of the past perfect tense ""had been working on"" emphasizes that the action of working on the project occurred before the completion of her degree."
va,tenses,"The company ____________________ a new product line last quarter, which resulted in a significant increase in sales.","[""A. had launched"", ""B. has launched"", ""C. is launching"", ""D. will launch""]",A,hard,"The use of the past tense ""had launched"" emphasizes that the action of launching the product occurred in the past."
va,tenses,"By the time the concert started, the audience ____________________ the lights and the music.","[""A. had turned off"", ""B. were turning off"", ""C. turn off"", ""D. turned off""]",A,hard,"The use of the past perfect tense ""had turned off"" emphasizes that the action of turning off the lights occurred before the concert started."
va,tenses,Identify the correct form of the verb in brackets to make the sentence grammatically correct.,"[""A. I was going, B. I go, C. I am going, D. I will be going""]",A,hard,"The sentence describes an action that was completed in the past. Therefore, the correct form of the verb is the past perfect tense, which is 'I was going'."
va,tenses,Choose the correct form of the verb in brackets to make the sentence grammatically correct.,"[""A. I had been waiting, B. I was waiting, C. I wait, D. I will be waiting""]",A,hard,"The sentence describes an action that was completed in the past. Therefore, the correct form of the verb is the past perfect continuous tense, which is 'I had been waiting'."
va,tenses,Identify the correct form of the verb to make the sentence grammatically correct.,"[""A. will have been studying, B. will be studying, C. has been studying, D. was studying""]",A,hard,"The sentence describes an action that will be completed in the future after another action in the future. Therefore, the correct form of the verb is the future perfect continuous tense, which is 'will have been studying'."
va,tenses,Choose the correct form of the verb in brackets to make the sentence grammatically correct.,"[""A. I will be having, B. I will have had, C. I had had, D. I have had""]",B,hard,"The sentence describes an action that will be completed in the past before another action in the past. Therefore, the correct form of the verb is the future perfect tense, which is 'I will have had'."
va,tenses,Identify the correct form of the verb to make the sentence grammatically correct.,"[""A. I had been writing, B. I was writing, C. I write, D. I will be writing""]",B,hard,"The sentence describes an action that was in progress in the past. Therefore, the correct form of the verb is the past continuous tense, which is 'I was writing'."
va,tenses,Choose the correct form of the verb in brackets to make the sentence grammatically correct.,"[""A. I will be teaching, B. I will teach, C. I teach, D. I was teaching""]",B,hard,"The sentence describes an action that will be completed in the future. Therefore, the correct form of the verb is the simple future tense, which is 'I will teach'."
va,tenses,Identify the correct form of the verb to make the sentence grammatically correct.,"[""A. I had eaten, B. I will eat, C. I eat, D. I was eating""]",A,hard,"The sentence describes an action that was completed in the past. Therefore, the correct form of the verb is the simple past tense, which is 'I had eaten'."
va,tenses,Choose the correct form of the verb in brackets to make the sentence grammatically correct.,"[""A. will have been studying, B. have been studying, C. had been studying, D. was studying""]",A,hard,"The sentence describes an action that will be completed in the future after another action in the future. Therefore, the correct form of the verb is the future perfect continuous tense, which is 'will have been studying'."
va,tenses,Identify the correct form of the verb to make the sentence grammatically correct.,"[""A. I will be having, B. I will have had, C. I had had, D. I have had""]",C,hard,"The sentence describes an action that was completed in the past before another action in the past. Therefore, the correct form of the verb is the past perfect tense, which is 'I had had'."
va,tenses,Choose the correct form of the verb in brackets to make the sentence grammatically correct.,"[""A. I had been waiting, B. I was waiting, C. I wait, D. I will be waiting""]",D,hard,"The sentence describes an action that will be in progress in the future. Therefore, the correct form of the verb is the future continuous tense, which is 'I will be waiting'."
va,tenses,Identify the correct form of the verb to make the sentence grammatically correct.,"[""A. I will have been studying, B. will be studying, C. has been studying, D. was studying""]",C,hard,"The sentence describes an action that has been in progress in the present. Therefore, the correct form of the verb is the present perfect continuous tense, which is 'has been studying'."
va,tenses,"The manager had called for a meeting at 11 am, but the team members had already left for lunch.","[""A. by the time the team members left for lunch"", ""B. as soon as the manager called the meeting"", ""C. when the team members arrived for work"", ""D. by the end of the day""]",A,hard,The sentence in the past perfect tense indicates that an action in the past (the team members left for lunch) occurred before another past action (the manager had called for a meeting).
va,tenses,I had been studying for three hours when my friend arrived.,"[""A. since my friend arrived"", ""B. when my friend arrived"", ""C. before my friend arrived"", ""D. after my friend arrived""]",B,hard,The sentence in the past perfect tense indicates that an action in the past (the speaker had been studying) occurred before another past action (my friend arrived).
va,tenses,Had you finished your project by the deadline?,"[""A. You had finished your project"", ""B. You would have finished your project"", ""C. You could have finished your project"", ""D. You finished your project""]",A,hard,The sentence in the past perfect tense asks whether an action in the past (you finished your project) had been completed by a certain point (the deadline).
va,tenses,"The new employee had not been informed about the meeting, so he was not prepared.","[""A. He had been informed"", ""B. He was not prepared"", ""C. He had not been informed"", ""D. He was prepared""]",C,hard,The sentence in the past perfect tense indicates that an action in the past (he had not been informed) occurred before another past action (the meeting).
va,tenses,The company had been facing financial difficulties for several years before it went bankrupt.,"[""A. before it went bankrupt"", ""B. after it went bankrupt"", ""C. while it went bankrupt"", ""D. in the present day""]",A,hard,The sentence in the past perfect tense indicates that an action in the past (the company had been facing financial difficulties) occurred before another past action (it went bankrupt).
va,tenses,She will have graduated from college by the time she turns 22.,"[""A. when she turns 22"", ""B. before she turns 22"", ""C. by the time she turns 22"", ""D. after she turns 22""]",C,hard,The sentence in the future perfect tense indicates that an action in the future (she will have graduated) will be completed by a certain point (when she turns 22).
va,tenses,"By the time they arrived, the concert had already started.","[""A. the concert had not started yet"", ""B. the concert was about to start"", ""C. the concert had already started"", ""D. the concert was still in progress""]",C,hard,The sentence in the past perfect tense indicates that an action in the past (the concert had already started) occurred before another past action (they arrived).
va,tenses,"If I had studied harder, I would have passed the exam.","[""A. I studied hard"", ""B. I would have passed the exam"", ""C. I had studied harder"", ""D. I would have studied harder""]",D,hard,The sentence in the conditional tense indicates a hypothetical situation (if I had studied harder) and its potential outcome (I would have studied harder).
va,tenses,"The tourists had been warned about the dangers of the city, but they still went ahead with their plans.","[""A. the tourists had not been warned"", ""B. the tourists went ahead with their plans"", ""C. the tourists had been warned"", ""D. the tourists did not go ahead with their plans""]",C,hard,The sentence in the past perfect tense indicates that an action in the past (the tourists had been warned) occurred before another past action (they went ahead with their plans).
va,tenses,"By the time I finish my degree, I will have been studying for five years.","[""A. I will have been studying for four years"", ""B. I will have been studying for five years"", ""C. I will have finished my degree"", ""D. I will be studying for five years""]",B,hard,The sentence in the future perfect tense indicates that an action in the future (I will have been studying) will be completed by a certain point (when I finish my degree).
va,tenses,"The manager had been expecting the team to meet the deadline, but they failed to do so.","[""A. the team had not failed to meet the deadline"", ""B. the team had met the deadline"", ""C. the team failed to meet the deadline"", ""D. the manager was not expecting the team to meet the deadline""]",C,hard,The sentence in the past perfect tense indicates that an action in the past (the team failed to meet the deadline) occurred before another past action (the manager had been expecting the team to meet the deadline).
va,tenses,The meeting will be held at 10:00 AM tomorrow.,"[""A. The meeting was held at 10:00 AM yesterday."", ""B. The meeting is being held at 10:00 AM today."", ""C. The meeting has been held at 10:00 AM yesterday."", ""D. The meeting will be held at 10:00 AM today.""]",A,hard,"This question tests the ability to identify the correct tense of a sentence. The correct answer is in the past perfect tense, indicating an action completed before another action in the past."
va,tenses,"If I had studied harder, I would have passed the exam.","[""A. I study hard now and I will pass the exam."", ""B. I studied hard then and I passed the exam."", ""C. I have studied hard and I passed the exam."", ""D. I would study hard now and I would pass the exam.""]",A,hard,"This question tests the ability to identify the correct use of the conditional tense. The correct answer is in the present tense, indicating a hypothetical situation."
va,tenses,"By the time I arrived, they had already eaten dinner.","[""A. They will eat dinner by the time I arrive."", ""B. They have eaten dinner by the time I arrive."", ""C. They eat dinner by the time I arrive."", ""D. They would have eaten dinner by the time I arrive.""]",B,hard,"This question tests the ability to identify the correct use of the perfect tense. The correct answer is in the present perfect tense, indicating an action completed before another action in the past."
va,tenses,The new employee had been working for three months when she received her promotion.,"[""A. The new employee will be working for three months when she receives her promotion."", ""B. The new employee is working for three months and will receive her promotion."", ""C. The new employee has been working for three months and will receive her promotion."", ""D. The new employee has been working for three months when she receives her promotion.""]",D,hard,"This question tests the ability to identify the correct use of the perfect tense. The correct answer is in the past perfect tense, indicating an action completed before another action in the past."
va,tenses,"By the time I finish my project, I will have spent over a year working on it.","[""A. By the time I finish my project, I will have spent over a year working on it."", ""B. By the time I finish my project, I have spent over a year working on it."", ""C. By the time I finish my project, I spend over a year working on it."", ""D. By the time I finish my project, I will spend over a year working on it.""]",A,hard,"This question tests the ability to identify the correct use of the future perfect tense. The correct answer is in the future perfect tense, indicating an action that will be completed before another action in the future."
va,tenses,"When I was a child, my mother used to tell me stories.","[""A. My mother tells me stories when I am a child."", ""B. My mother used to tell me stories when I was a child."", ""C. My mother tells me stories now."", ""D. My mother has told me stories when I was a child.""]",B,hard,"This question tests the ability to identify the correct use of the past habit tense. The correct answer is in the past habit tense, indicating a repeated action in the past."
va,tenses,The manager had been trying to solve the problem for hours before he finally succeeded.,"[""A. The manager is trying to solve the problem for hours before he finally succeeds."", ""B. The manager was trying to solve the problem for hours before he finally succeeded."", ""C. The manager tries to solve the problem for hours before he finally succeeds."", ""D. The manager has been trying to solve the problem for hours before he finally succeeds.""]",B,hard,"This question tests the ability to identify the correct use of the past perfect tense. The correct answer is in the past perfect tense, indicating an action completed before another action in the past."
va,tenses,"By the time I graduate, I will have completed four years of college.","[""A. By the time I graduate, I have completed four years of college."", ""B. By the time I graduate, I will have completed four years of college."", ""C. By the time I graduate, I am completing four years of college."", ""D. By the time I graduate, I complete four years of college.""]",B,hard,"This question tests the ability to identify the correct use of the future perfect tense. The correct answer is in the future perfect tense, indicating an action that will be completed before another action in the future."
va,tenses,"If I won the lottery, I would buy a house.","[""A. I win the lottery and I buy a house."", ""B. I would win the lottery and I would buy a house."", ""C. I have won the lottery and I buy a house."", ""D. I would win the lottery and I buy a house.""]",D,hard,"This question tests the ability to identify the correct use of the conditional tense. The correct answer is in the conditional tense, indicating a hypothetical situation."
va,tenses,The company has been experiencing financial difficulties for several years.,"[""A. The company will be experiencing financial difficulties for several years."", ""B. The company has been experiencing financial difficulties for several years."", ""C. The company is experiencing financial difficulties for several years."", ""D. The company experienced financial difficulties for several years.""]",B,hard,"This question tests the ability to identify the correct use of the present perfect tense. The correct answer is in the present perfect tense, indicating an action that started in the past and continues up to the present."
va,prepositions,He is sitting ___ the chair.,"[""A. in"", ""B. on"", ""C. at"", ""D. by""]",B,easy,'On' is used to indicate position on a surface.
va,prepositions,The party is ___ this weekend.,"[""A. on"", ""B. at"", ""C. in"", ""D. for""]",A,easy,'On' is used to indicate a specific date or time.
va,prepositions,She is going ___ the store.,"[""A. to"", ""B. in"", ""C. on"", ""D. at""]",A,easy,'To' is used to indicate direction or movement towards a place.
va,prepositions,I am meeting my friend ___ the park.,"[""A. at"", ""B. on"", ""C. in"", ""D. by""]",A,easy,'At' is used to indicate a specific place or location.
va,prepositions,The book is ___ the table.,"[""A. on"", ""B. in"", ""C. at"", ""D. by""]",A,easy,'On' is used to indicate position on a surface.
va,prepositions,She is feeling ___ the cold.,"[""A. by"", ""B. with"", ""C. for"", ""D. in""]",A,easy,'By' is used to indicate the cause of a feeling or sensation.
va,prepositions,I am looking ___ the window.,"[""A. at"", ""B. on"", ""C. in"", ""D. by""]",A,easy,'At' is used to indicate direction or focus towards something.
va,prepositions,The meeting is scheduled ___ 5 o'clock.,"[""A. at"", ""B. on"", ""C. in"", ""D. by""]",A,easy,'At' is used to indicate a specific time.
va,prepositions,The hotel is located ___ the city center.,"[""A. in"", ""B. on"", ""C. at"", ""D. by""]",A,easy,'In' is used to indicate a location within a place or area.
va,prepositions,I am going ___ the store ___ some milk.,"[""A. to, for"", ""B. to, with"", ""C. in, for"", ""D. in, with""]",A,easy,"'To' is used to indicate direction or movement towards a place, and 'for' is used to indicate a purpose or intention."
va,prepositions,The book is written ___ her.,"[""A. by"", ""B. with"", ""C. for"", ""D. in""]",A,easy,'By' is used to indicate the author or creator of something.
va,prepositions,The concert is scheduled ___ tonight.,"[""A. at"", ""B. on"", ""C. in"", ""D. by""]",A,easy,'At' is used to indicate a specific time.
va,prepositions,She is feeling ___ the heat.,"[""A. by"", ""B. with"", ""C. for"", ""D. in""]",A,easy,'By' is used to indicate the cause of a feeling or sensation.
va,prepositions,The meeting is scheduled ___ 3 o'clock.,"[""A. at"", ""B. on"", ""C. in"", ""D. by""]",A,easy,'At' is used to indicate a specific time.
va,prepositions,The hotel is located ___ the beach.,"[""A. in"", ""B. on"", ""C. at"", ""D. by""]",A,easy,'In' is used to indicate a location within a place or area.
va,prepositions,I am going ___ the store ___ some bread.,"[""A. to, for"", ""B. to, with"", ""C. in, for"", ""D. in, with""]",A,easy,"'To' is used to indicate direction or movement towards a place, and 'for' is used to indicate a purpose or intention."
va,prepositions,The book is available ___ the library.,"[""A. at"", ""B. on"", ""C. in"", ""D. by""]",C,easy,'In' is used to indicate a location within a place or area.
va,prepositions,She is looking ___ the phone.,"[""A. at"", ""B. on"", ""C. in"", ""D. by""]",A,easy,'At' is used to indicate direction or focus towards something.
va,prepositions,The concert is scheduled ___ Saturday.,"[""A. at"", ""B. on"", ""C. in"", ""D. by""]",B,easy,'On' is used to indicate a specific date or time.
va,prepositions,The hotel is located ___ the city.,"[""A. in"", ""B. on"", ""C. at"", ""D. by""]",A,easy,'In' is used to indicate a location within a place or area.
va,prepositions,I am going ___ the store ___ some milk ___ tomorrow.,"[""A. to, for"", ""B. to, with"", ""C. in, for"", ""D. in, with""]",A,easy,"'To' is used to indicate direction or movement towards a place, 'for' is used to indicate a purpose or intention, and 'tomorrow' is used to indicate a specific date or time."
va,prepositions,The book is written ___ her name.,"[""A. by"", ""B. with"", ""C. for"", ""D. in""]",A,easy,'By' is used to indicate the author or creator of something.
va,prepositions,He is sitting ___ the chair.,"[""A. in"", ""B. on"", ""C. at"", ""D. by""]",B,easy,'On' is used to indicate position on a surface.
va,prepositions,The book is ___ the table.,"[""A. on"", ""B. in"", ""C. at"", ""D. with""]",A,easy,'On' is used to indicate position on a surface.
va,prepositions,The meeting is ___ 3 o'clock.,"[""A. at"", ""B. in"", ""C. on"", ""D. by""]",A,easy,'At' is used to indicate a specific time of day.
va,prepositions,She is wearing a ring ___ her finger.,"[""A. on"", ""B. in"", ""C. at"", ""D. by""]",A,easy,'On' is used to indicate position on a surface.
va,prepositions,The concert is ___ tonight.,"[""A. at"", ""B. in"", ""C. on"", ""D. by""]",C,easy,'On' is used to indicate a specific date.
va,prepositions,The company is ___ the verge of bankruptcy.,"[""A. in"", ""B. on"", ""C. at"", ""D. by""]",B,easy,'On' is used to indicate a state of being close to something.
va,prepositions,The picture is ___ the wall.,"[""A. on"", ""B. in"", ""C. at"", ""D. by""]",A,easy,'On' is used to indicate position on a surface.
va,prepositions,The store is ___ the corner.,"[""A. at"", ""B. in"", ""C. on"", ""D. by""]",C,easy,'On' is used to indicate position on a surface.
va,prepositions,The company is ___ for a merger.,"[""A. at"", ""B. in"", ""C. on"", ""D. by""]",B,easy,'In' is used to indicate a state of being involved in something.
va,prepositions,The hotel is ___ the beach.,"[""A. at"", ""B. in"", ""C. on"", ""D. by""]",C,easy,'On' is used to indicate position on a surface.
va,prepositions,The meeting is ___ 9 am.,"[""A. at"", ""B. in"", ""C. on"", ""D. by""]",A,easy,'At' is used to indicate a specific time of day.
va,prepositions,The book is ___ the shelf.,"[""A. in"", ""B. on"", ""C. at"", ""D. by""]",B,easy,'On' is used to indicate position on a surface.
va,prepositions,The company is ___ the market.,"[""A. at"", ""B. in"", ""C. on"", ""D. by""]",B,easy,'In' is used to indicate a state of being involved in something.
va,prepositions,The meeting is ___ the conference room.,"[""A. at"", ""B. in"", ""C. on"", ""D. by""]",B,easy,'In' is used to indicate location inside a building.
va,prepositions,The picture is ___ the wall.,"[""A. on"", ""B. in"", ""C. at"", ""D. by""]",A,easy,'On' is used to indicate position on a surface.
va,prepositions,The store is ___ the mall.,"[""A. at"", ""B. in"", ""C. on"", ""D. by""]",B,easy,'In' is used to indicate a state of being inside something.
va,prepositions,The meeting is ___ 5 pm.,"[""A. at"", ""B. in"", ""C. on"", ""D. by""]",A,easy,'At' is used to indicate a specific time of day.
va,prepositions,The company is ___ a merger.,"[""A. at"", ""B. in"", ""C. on"", ""D. by""]",B,easy,'In' is used to indicate a state of being involved in something.
va,prepositions,The hotel is ___ the city.,"[""A. at"", ""B. in"", ""C. on"", ""D. by""]",B,easy,'In' is used to indicate a state of being inside something.
va,prepositions,The meeting is ___ 2 pm.,"[""A. at"", ""B. in"", ""C. on"", ""D. by""]",A,easy,'At' is used to indicate a specific time of day.
va,prepositions,The company is ___ the industry.,"[""A. at"", ""B. in"", ""C. on"", ""D. by""]",B,easy,'In' is used to indicate a state of being involved in something.
va,prepositions,The store is ___ the street.,"[""A. at"", ""B. in"", ""C. on"", ""D. by""]",B,easy,'In' is used to indicate a state of being inside something.
va,prepositions,The meeting is ___ 8 am.,"[""A. at"", ""B. in"", ""C. on"", ""D. by""]",A,easy,'At' is used to indicate a specific time of day.
va,prepositions,He is sitting ___ the chair.,"[""A. in"", ""B. on"", ""C. at"", ""D. by""]",B,easy,'On' is used to indicate position on a surface.
va,prepositions,The book is lying ___ the table.,"[""A. on"", ""B. in"", ""C. at"", ""D. by""]",A,easy,'On' is used to indicate position on a surface.
va,prepositions,The party is taking place ___ Saturday.,"[""A. at"", ""B. on"", ""C. in"", ""D. by""]",A,easy,'At' is used to indicate the time of an event.
va,prepositions,The city is located ___ the coast.,"[""A. at"", ""B. on"", ""C. in"", ""D. by""]",B,easy,'On' is used to indicate position on a surface.
va,prepositions,She is working ___ an artist.,"[""A. as"", ""B. for"", ""C. with"", ""D. by""]",B,easy,'For' is used to indicate the purpose or intention.
va,prepositions,The company was founded ___ 1990.,"[""A. in"", ""B. on"", ""C. at"", ""D. by""]",A,easy,'In' is used to indicate a period of time.
va,prepositions,The hotel is located ___ the city center.,"[""A. in"", ""B. on"", ""C. at"", ""D. by""]",A,easy,'In' is used to indicate a location.
va,prepositions,The meeting is scheduled ___ 5 o'clock.,"[""A. at"", ""B. on"", ""C. in"", ""D. by""]",A,easy,'At' is used to indicate the time of an event.
va,prepositions,The family is living ___ the countryside.,"[""A. in"", ""B. on"", ""C. at"", ""D. by""]",A,easy,'In' is used to indicate a location.
va,prepositions,The company is cooperating ___ several other firms.,"[""A. with"", ""B. for"", ""C. by"", ""D. in""]",A,easy,'With' is used to indicate association or cooperation.
va,prepositions,The book is written ___ a famous author.,"[""A. by"", ""B. for"", ""C. with"", ""D. in""]",A,easy,'By' is used to indicate the agent or cause of an action.
va,prepositions,The company is responsible ___ the quality of its products.,"[""A. for"", ""B. by"", ""C. with"", ""D. in""]",A,easy,'For' is used to indicate responsibility or accountability.
va,prepositions,The team is playing ___ the championship.,"[""A. in"", ""B. on"", ""C. at"", ""D. by""]",A,easy,'In' is used to indicate a location or position.
va,prepositions,The painting is hanging ___ the wall.,"[""A. on"", ""B. in"", ""C. at"", ""D. by""]",A,easy,'On' is used to indicate position on a surface.
va,prepositions,The festival is taking place ___ the park.,"[""A. in"", ""B. on"", ""C. at"", ""D. by""]",A,easy,'In' is used to indicate a location.
va,prepositions,The company is working ___ a new project.,"[""A. on"", ""B. in"", ""C. at"", ""D. by""]",A,easy,'On' is used to indicate a task or activity.
va,prepositions,The book is published ___ a famous publisher.,"[""A. by"", ""B. for"", ""C. with"", ""D. in""]",A,easy,'By' is used to indicate the agent or cause of an action.
va,prepositions,The family is living ___ an apartment.,"[""A. in"", ""B. on"", ""C. at"", ""D. by""]",A,easy,'In' is used to indicate a location.
va,prepositions,The company is cooperating ___ several other firms.,"[""A. with"", ""B. for"", ""C. by"", ""D. in""]",A,easy,'With' is used to indicate association or cooperation.
va,prepositions,The book is written ___ a famous author.,"[""A. by"", ""B. for"", ""C. with"", ""D. in""]",A,easy,'By' is used to indicate the agent or cause of an action.
va,prepositions,The company is responsible ___ the quality of its products.,"[""A. for"", ""B. by"", ""C. with"", ""D. in""]",A,easy,'For' is used to indicate responsibility or accountability.
va,prepositions,The team is playing ___ the championship.,"[""A. in"", ""B. on"", ""C. at"", ""D. by""]",A,easy,'In' is used to indicate a location or position.
va,prepositions,The painting is hanging ___ the wall.,"[""A. on"", ""B. in"", ""C. at"", ""D. by""]",A,easy,'On' is used to indicate position on a surface.
va,prepositions,He is sitting ___ the chair.,"[""A. in"", ""B. on"", ""C. at"", ""D. by""]",B,medium,'On' is used to indicate position on a surface.
va,prepositions,The book is located ___ the shelf.,"[""A. in"", ""B. on"", ""C. at"", ""D. by""]",B,medium,'On' is used to indicate position on a surface.
va,prepositions,She is standing ___ the bridge.,"[""A. on"", ""B. at"", ""C. in"", ""D. by""]",A,medium,'On' is used to indicate position on a surface.
va,prepositions,The meeting will take place ___ 3 o'clock.,"[""A. at"", ""B. on"", ""C. in"", ""D. by""]",A,medium,'At' is used to indicate time or a specific moment.
va,prepositions,The company was founded ___ 1990.,"[""A. in"", ""B. on"", ""C. at"", ""D. by""]",A,medium,'In' is used to indicate a point in time or a period.
va,prepositions,The city is located ___ the coast.,"[""A. on"", ""B. in"", ""C. at"", ""D. by""]",A,medium,'On' is used to indicate position on a surface.
va,prepositions,The festival will take place ___ the park.,"[""A. in"", ""B. on"", ""C. at"", ""D. by""]",B,medium,'On' is used to indicate a surface or a location.
va,prepositions,The company is based ___ Europe.,"[""A. in"", ""B. on"", ""C. at"", ""D. by""]",A,medium,'In' is used to indicate a location or a region.
va,prepositions,The hotel is located ___ the city center.,"[""A. in"", ""B. on"", ""C. at"", ""D. by""]",A,medium,'In' is used to indicate a location or a region.
va,prepositions,The meeting will start ___ 9 o'clock.,"[""A. at"", ""B. on"", ""C. in"", ""D. by""]",A,medium,'At' is used to indicate time or a specific moment.
va,prepositions,The package was delivered ___ my doorstep.,"[""A. at"", ""B. on"", ""C. in"", ""D. by""]",B,medium,'On' is used to indicate a surface or a location.
va,prepositions,The company was founded ___ 5 friends.,"[""A. by"", ""B. in"", ""C. at"", ""D. on""]",A,medium,'By' is used to indicate the agent or the means of an action.
va,prepositions,The book is located ___ the shelf.,"[""A. in"", ""B. on"", ""C. at"", ""D. by""]",B,medium,'On' is used to indicate position on a surface.
va,prepositions,The meeting will take place ___ 2 o'clock.,"[""A. at"", ""B. on"", ""C. in"", ""D. by""]",A,medium,'At' is used to indicate time or a specific moment.
va,prepositions,The city is surrounded ___ mountains.,"[""A. by"", ""B. in"", ""C. at"", ""D. on""]",A,medium,'By' is used to indicate what surrounds or borders something.
va,prepositions,The company is located ___ the city.,"[""A. in"", ""B. on"", ""C. at"", ""D. by""]",A,medium,'In' is used to indicate a location or a region.
va,prepositions,The package was delivered ___ my doorstep yesterday.,"[""A. at"", ""B. on"", ""C. in"", ""D. by""]",B,medium,'On' is used to indicate a surface or a location.
va,prepositions,The company was founded ___ 4 members.,"[""A. by"", ""B. in"", ""C. at"", ""D. on""]",A,medium,'By' is used to indicate the agent or the means of an action.
va,prepositions,The hotel is located ___ the city center.,"[""A. in"", ""B. on"", ""C. at"", ""D. by""]",A,medium,'In' is used to indicate a location or a region.
va,prepositions,The meeting will take place ___ 10 o'clock.,"[""A. at"", ""B. on"", ""C. in"", ""D. by""]",A,medium,'At' is used to indicate time or a specific moment.
va,prepositions,The city is surrounded ___ water.,"[""A. by"", ""B. in"", ""C. at"", ""D. on""]",A,medium,'By' is used to indicate what surrounds or borders something.
va,prepositions,The company is based ___ Asia.,"[""A. in"", ""B. on"", ""C. at"", ""D. by""]",A,medium,'In' is used to indicate a location or a region.
va,prepositions,The hotel is located ___ the beach.,"[""A. in"", ""B. on"", ""C. at"", ""D. by""]",B,medium,'On' is used to indicate position on a surface.
va,prepositions,He is sitting ___ the chair.,"[""A. in"", ""B. on"", ""C. at"", ""D. by""]",B,medium,'On' is used to indicate position on a surface.
va,prepositions,The book is ___ the table.,"[""A. on"", ""B. in"", ""C. at"", ""D. by""]",A,medium,'On' is used to indicate position on a surface.
va,prepositions,I am waiting ___ the bus.,"[""A. for"", ""B. at"", ""C. on"", ""D. in""]",B,medium,'At' is used to indicate a point in time.
va,prepositions,The company was founded ___ 1990.,"[""A. in"", ""B. at"", ""C. on"", ""D. by""]",A,medium,'In' is used to indicate a period of time.
va,prepositions,The meeting will take place ___ 5 o'clock.,"[""A. at"", ""B. in"", ""C. on"", ""D. by""]",A,medium,'At' is used to indicate a point in time.
va,prepositions,The hotel is located ___ the city center.,"[""A. in"", ""B. at"", ""C. on"", ""D. by""]",A,medium,'In' is used to indicate a location inside something.
va,prepositions,I am going ___ the store.,"[""A. to"", ""B. from"", ""C. in"", ""D. on""]",A,medium,'To' is used to indicate direction of movement.
va,prepositions,The price is rising ___ the years.,"[""A. in"", ""B. at"", ""C. on"", ""D. by""]",A,medium,'In' is used to indicate a period of time.
va,prepositions,The book is written ___ a famous author.,"[""A. by"", ""B. for"", ""C. with"", ""D. in""]",A,medium,'By' is used to indicate the agent of the action.
va,prepositions,"The cake is made ___ flour, sugar, and eggs.","[""A. of"", ""B. with"", ""C. in"", ""D. by""]",B,medium,'With' is used to indicate the means or instrument used.
va,prepositions,The company is working ___ a new project.,"[""A. on"", ""B. in"", ""C. at"", ""D. by""]",A,medium,'On' is used to indicate the focus or attention.
va,prepositions,The hotel is located ___ the coast.,"[""A. in"", ""B. at"", ""C. on"", ""D. by""]",C,medium,'On' is used to indicate a location on a surface.
va,prepositions,The meeting will start ___ 9 o'clock.,"[""A. at"", ""B. in"", ""C. on"", ""D. by""]",A,medium,'At' is used to indicate a point in time.
va,prepositions,The company is hiring ___ experienced staff.,"[""A. in"", ""B. at"", ""C. on"", ""D. by""]",A,medium,'In' is used to indicate a period of time.
va,prepositions,The book is written ___ a famous author.,"[""A. by"", ""B. for"", ""C. with"", ""D. in""]",A,medium,'By' is used to indicate the agent of the action.
va,prepositions,"The cake is made ___ flour, sugar, and eggs.","[""A. of"", ""B. with"", ""C. in"", ""D. by""]",B,medium,'With' is used to indicate the means or instrument used.
va,prepositions,The company is working ___ a new project.,"[""A. on"", ""B. in"", ""C. at"", ""D. by""]",A,medium,'On' is used to indicate the focus or attention.
va,prepositions,The hotel is offering ___ a special discount.,"[""A. at"", ""B. in"", ""C. on"", ""D. by""]",C,medium,'On' is used to indicate a condition or situation.
va,prepositions,The meeting will take place ___ the conference room.,"[""A. in"", ""B. at"", ""C. on"", ""D. by""]",B,medium,'At' is used to indicate a place or location.
va,prepositions,The company is looking ___ experienced candidates.,"[""A. for"", ""B. at"", ""C. on"", ""D. by""]",A,medium,'For' is used to indicate a purpose or intention.
va,prepositions,The hotel is located ___ the city center.,"[""A. in"", ""B. at"", ""C. on"", ""D. by""]",A,medium,'In' is used to indicate a location inside something.
va,prepositions,The meeting will start ___ 9 o'clock.,"[""A. at"", ""B. in"", ""C. on"", ""D. by""]",A,medium,'At' is used to indicate a point in time.
va,prepositions,The company is hiring ___ experienced staff.,"[""A. in"", ""B. at"", ""C. on"", ""D. by""]",A,medium,'In' is used to indicate a period of time.
va,prepositions,She is standing __________ the bus stop.,"[""A. on"", ""B. at"", ""C. in"", ""D. by""]",B,medium,At is used to indicate position near a specific location.
va,prepositions,He is holding __________ the cup.,"[""A. in"", ""B. on"", ""C. at"", ""D. with""]",A,medium,'In' is used to indicate position inside an object.
va,prepositions,The book is __________ the table.,"[""A. on"", ""B. in"", ""C. at"", ""D. by""]",A,medium,'On' is used to indicate position on a surface.
va,prepositions,The meeting is __________ 7 o'clock.,"[""A. at"", ""B. in"", ""C. on"", ""D. by""]",A,medium,'At' is used to indicate time.
va,prepositions,The teacher is standing __________ the board.,"[""A. in"", ""B. on"", ""C. at"", ""D. by""]",B,medium,'On' is used to indicate position on a surface.
va,prepositions,The concert is __________ the park.,"[""A. in"", ""B. at"", ""C. on"", ""D. by""]",B,medium,'At' is used to indicate location.
va,prepositions,The hotel is __________ the city center.,"[""A. in"", ""B. at"", ""C. on"", ""D. by""]",B,medium,'At' is used to indicate location.
va,prepositions,The company is __________ the top three companies in the industry.,"[""A. in"", ""B. at"", ""C. on"", ""D. by""]",A,medium,'In' is used to indicate position inside a group or ranking.
va,prepositions,The store is __________ the corner.,"[""A. in"", ""B. at"", ""C. on"", ""D. by""]",B,medium,'At' is used to indicate location.
va,prepositions,The train is __________ the station.,"[""A. in"", ""B. at"", ""C. on"", ""D. by""]",B,medium,'At' is used to indicate location.
va,prepositions,The book is __________ the bookshelf.,"[""A. in"", ""B. on"", ""C. at"", ""D. by""]",A,medium,'In' is used to indicate position inside an object.
va,prepositions,The festival is __________ the 15th of August.,"[""A. at"", ""B. in"", ""C. on"", ""D. by""]",C,medium,'On' is used to indicate a specific date.
va,prepositions,The price is __________ the sticker.,"[""A. in"", ""B. on"", ""C. at"", ""D. by""]",A,medium,'In' is used to indicate position inside an object.
va,prepositions,The meeting is __________ 5 o'clock.,"[""A. at"", ""B. in"", ""C. on"", ""D. by""]",A,medium,'At' is used to indicate time.
va,prepositions,The company is __________ the market.,"[""A. in"", ""B. at"", ""C. on"", ""D. by""]",A,medium,'In' is used to indicate position inside a market or industry.
va,prepositions,The train is __________ the platform.,"[""A. in"", ""B. on"", ""C. at"", ""D. by""]",C,medium,'At' is used to indicate location.
va,prepositions,The store is __________ the mall.,"[""A. in"", ""B. at"", ""C. on"", ""D. by""]",B,medium,'At' is used to indicate location.
va,prepositions,The hotel is __________ the beach.,"[""A. in"", ""B. at"", ""C. on"", ""D. by""]",B,medium,'At' is used to indicate location.
va,prepositions,The restaurant is __________ the corner.,"[""A. in"", ""B. at"", ""C. on"", ""D. by""]",B,medium,'At' is used to indicate location.
va,prepositions,The company is __________ the industry.,"[""A. in"", ""B. at"", ""C. on"", ""D. by""]",A,medium,'In' is used to indicate position inside an industry or market.
va,prepositions,The festival is __________ the 10th of June.,"[""A. at"", ""B. in"", ""C. on"", ""D. by""]",C,medium,'On' is used to indicate a specific date.
va,prepositions,The price is __________ the tag.,"[""A. in"", ""B. on"", ""C. at"", ""D. by""]",B,medium,'On' is used to indicate position on a surface.
va,prepositions,The train is __________ the station.,"[""A. in"", ""B. at"", ""C. on"", ""D. by""]",B,medium,'At' is used to indicate location.
va,prepositions,The artist is known ___ her exquisite paintings.,"[""A. by"", ""B. in"", ""C. on"", ""D. with""]",A,hard,By is used to indicate the means or instrument by which something is done.
va,prepositions,The company is looking ___ new employees.,"[""A. for"", ""B. at"", ""C. by"", ""D. with""]",A,hard,For is used to indicate a purpose or a direction.
va,prepositions,The book ___ the table is mine.,"[""A. in"", ""B. on"", ""C. at"", ""D. by""]",B,hard,On is used to indicate position on a surface.
va,prepositions,The tourists got lost ___ the woods.,"[""A. in"", ""B. on"", ""C. at"", ""D. by""]",A,hard,In is used to indicate a location inside something.
va,prepositions,The students are waiting ___ the bus.,"[""A. for"", ""B. at"", ""C. by"", ""D. with""]",A,hard,For is used to indicate a purpose or a direction.
va,prepositions,The company is working ___ a new project.,"[""A. with"", ""B. for"", ""C. on"", ""D. by""]",C,hard,On is used to indicate a focus or a direction.
va,prepositions,The teacher gave the student a book ___ he asked for.,"[""A. for"", ""B. by"", ""C. with"", ""D. at""]",A,hard,For is used to indicate a purpose or a direction.
va,prepositions,The couple took a picture ___ their wedding day.,"[""A. from"", ""B. at"", ""C. by"", ""D. with""]",B,hard,At is used to indicate a point in time.
va,prepositions,The students are studying ___ the library.,"[""A. in"", ""B. on"", ""C. at"", ""D. by""]",A,hard,In is used to indicate a location inside something.
va,prepositions,The tourists got lost ___ the city.,"[""A. in"", ""B. on"", ""C. at"", ""D. by""]",A,hard,In is used to indicate a location inside something.
va,prepositions,The artist is known ___ her beautiful paintings.,"[""A. by"", ""B. in"", ""C. on"", ""D. with""]",A,hard,By is used to indicate the means or instrument by which something is done.
va,prepositions,The company is looking ___ a new project.,"[""A. for"", ""B. at"", ""C. by"", ""D. with""]",A,hard,For is used to indicate a purpose or a direction.
va,prepositions,The book ___ the table is mine.,"[""A. in"", ""B. on"", ""C. at"", ""D. by""]",B,hard,On is used to indicate position on a surface.
va,prepositions,The tourists got lost ___ the mountains.,"[""A. in"", ""B. on"", ""C. at"", ""D. by""]",A,hard,In is used to indicate a location inside something.
va,prepositions,The students are waiting ___ the bus stop.,"[""A. for"", ""B. at"", ""C. by"", ""D. with""]",A,hard,For is used to indicate a purpose or a direction.
va,prepositions,The artist is known ___ her beautiful paintings.,"[""A. by"", ""B. in"", ""C. on"", ""D. with""]",A,hard,By is used to indicate the means or instrument by which something is done.
va,prepositions,The company is working ___ a new project.,"[""A. with"", ""B. for"", ""C. on"", ""D. by""]",C,hard,On is used to indicate a focus or a direction.
va,prepositions,The teacher gave the student a book ___ she asked for.,"[""A. for"", ""B. by"", ""C. with"", ""D. at""]",A,hard,For is used to indicate a purpose or a direction.
va,prepositions,The couple took a picture ___ their wedding day.,"[""A. from"", ""B. at"", ""C. by"", ""D. with""]",B,hard,At is used to indicate a point in time.
va,prepositions,The students are studying ___ the library.,"[""A. in"", ""B. on"", ""C. at"", ""D. by""]",A,hard,In is used to indicate a location inside something.
va,prepositions,The tourists got lost ___ the city.,"[""A. in"", ""B. on"", ""C. at"", ""D. by""]",A,hard,In is used to indicate a location inside something.
va,prepositions,She is looking forward ___ her vacation.,"[""A. to"", ""B. for"", ""C. with"", ""D. by""]",A,hard,'To' is used to indicate direction or a future action.
va,prepositions,The company was founded ___ 1990.,"[""A. at"", ""B. in"", ""C. on"", ""D. by""]",B,hard,'In' is used to indicate a period of time within which an action occurred.
va,prepositions,The book is lying ___ the table.,"[""A. in"", ""B. on"", ""C. at"", ""D. by""]",B,hard,'On' is used to indicate position on a surface.
va,prepositions,The city is situated ___ the river.,"[""A. in"", ""B. on"", ""C. at"", ""D. by""]",B,hard,'On' is used to indicate position on a surface.
va,prepositions,The company is facing financial difficulties ___ the market.,"[""A. to"", ""B. for"", ""C. with"", ""D. by""]",D,hard,'By' is used to indicate agency or means.
va,prepositions,The hotel is located ___ the center of the city.,"[""A. in"", ""B. on"", ""C. at"", ""D. by""]",A,hard,'In' is used to indicate a location within a larger area.
va,prepositions,The new policy is effective ___ January 1st.,"[""A. at"", ""B. in"", ""C. on"", ""D. by""]",B,hard,'In' is used to indicate a period of time within which an action occurred.
va,prepositions,The tourists got lost ___ the woods.,"[""A. in"", ""B. on"", ""C. at"", ""D. by""]",A,hard,'In' is used to indicate a location within a larger area.
va,prepositions,The artist is inspired ___ her creativity.,"[""A. by"", ""B. to"", ""C. for"", ""D. with""]",A,hard,'By' is used to indicate agency or means.
va,prepositions,The package was shipped ___ FedEx.,"[""A. to"", ""B. for"", ""C. with"", ""D. by""]",D,hard,'By' is used to indicate agency or means.
va,prepositions,The book is dedicated ___ my grandmother.,"[""A. to"", ""B. for"", ""C. with"", ""D. by""]",A,hard,'To' is used to indicate the recipient of an action.
va,prepositions,The team won the game ___ a score of 3-0.,"[""A. with"", ""B. to"", ""C. for"", ""D. by""]",D,hard,'By' is used to indicate a difference or a margin.
va,prepositions,The company is hiring new employees ___ the HR department.,"[""A. with"", ""B. to"", ""C. for"", ""D. by""]",C,hard,'For' is used to indicate purpose or intention.
va,prepositions,The city is famous ___ its beautiful beaches.,"[""A. for"", ""B. to"", ""C. with"", ""D. by""]",A,hard,'For' is used to indicate purpose or intention.
va,prepositions,The new employee is struggling ___ the workload.,"[""A. to"", ""B. for"", ""C. with"", ""D. by""]",C,hard,'With' is used to indicate accompaniment or association.
va,prepositions,The tourists are traveling ___ Europe.,"[""A. to"", ""B. for"", ""C. with"", ""D. by""]",A,hard,'To' is used to indicate direction or a future action.
va,prepositions,The company is offering a discount ___ students.,"[""A. to"", ""B. for"", ""C. with"", ""D. by""]",B,hard,'For' is used to indicate purpose or intention.
va,prepositions,The package is being delivered ___ UPS.,"[""A. to"", ""B. for"", ""C. with"", ""D. by""]",D,hard,'By' is used to indicate agency or means.
va,prepositions,The city is surrounded ___ mountains.,"[""A. by"", ""B. to"", ""C. for"", ""D. with""]",A,hard,'By' is used to indicate surroundings or boundaries.
va,prepositions,The team is winning ___ a large margin.,"[""A. to"", ""B. for"", ""C. with"", ""D. by""]",D,hard,'By' is used to indicate a difference or a margin.
va,prepositions,The hotel is located ___ the beach.,"[""A. in"", ""B. on"", ""C. at"", ""D. by""]",A,hard,'In' is used to indicate a location within a larger area.
va,prepositions,The artist is famous ___ her beautiful paintings.,"[""A. for"", ""B. by"", ""C. in"", ""D. with""]",B,hard,By is used to indicate the means or instrument by which something is done.
va,prepositions,The hotel is located ___ the beach.,"[""A. in"", ""B. on"", ""C. at"", ""D. by""]",A,hard,In is used to indicate a location inside or within something.
va,prepositions,The company is looking ___ candidates for the job.,"[""A. for"", ""B. by"", ""C. in"", ""D. with""]",A,hard,For is used to indicate purpose or direction towards something.
va,prepositions,The book is lying ___ the table.,"[""A. in"", ""B. on"", ""C. at"", ""D. by""]",B,hard,On is used to indicate position on a surface.
va,prepositions,The team will meet ___ 5 o'clock.,"[""A. at"", ""B. in"", ""C. on"", ""D. by""]",A,hard,At is used to indicate a specific time.
va,prepositions,The city is situated ___ the river.,"[""A. on"", ""B. by"", ""C. in"", ""D. with""]",C,hard,In is used to indicate a location inside or within something.
va,prepositions,The artist painted the picture ___ oil.,"[""A. in"", ""B. on"", ""C. at"", ""D. with""]",D,hard,With is used to indicate an accompaniment or an association.
va,prepositions,The company is going ___ the competition.,"[""A. with"", ""B. by"", ""C. in"", ""D. for""]",B,hard,By is used to indicate means or instrument by which something is done.
va,prepositions,The hotel is located ___ the city center.,"[""A. in"", ""B. on"", ""C. at"", ""D. by""]",A,hard,In is used to indicate a location inside or within something.
va,prepositions,The book is ___ the shelf.,"[""A. in"", ""B. on"", ""C. at"", ""D. by""]",B,hard,On is used to indicate position on a surface.
va,prepositions,The company is working ___ the project.,"[""A. on"", ""B. by"", ""C. in"", ""D. with""]",C,hard,In is used to indicate a location inside or within something.
va,prepositions,The team is playing ___ the opposing team.,"[""A. with"", ""B. by"", ""C. in"", ""D. for""]",A,hard,With is used to indicate an accompaniment or an association.
va,prepositions,The city is surrounded ___ mountains.,"[""A. by"", ""B. on"", ""C. in"", ""D. with""]",A,hard,By is used to indicate a location on the outside of something.
va,prepositions,The company is looking ___ candidates for the job.,"[""A. for"", ""B. by"", ""C. in"", ""D. with""]",A,hard,For is used to indicate purpose or direction towards something.
va,prepositions,The book is falling ___ the floor.,"[""A. in"", ""B. on"", ""C. at"", ""D. by""]",B,hard,On is used to indicate position on a surface.
va,prepositions,The company is working ___ the project for months.,"[""A. on"", ""B. by"", ""C. in"", ""D. with""]",A,hard,On is used to indicate a focus or attention towards something.
va,prepositions,The team is competing ___ the other team.,"[""A. with"", ""B. by"", ""C. in"", ""D. for""]",A,hard,With is used to indicate an accompaniment or an association.
va,prepositions,The hotel is located ___ the city.,"[""A. in"", ""B. on"", ""C. at"", ""D. by""]",A,hard,In is used to indicate a location inside or within something.
va,prepositions,The company is hiring ___ new employees.,"[""A. for"", ""B. by"", ""C. in"", ""D. with""]",A,hard,For is used to indicate purpose or direction towards something.
va,prepositions,The book is lying ___ the table.,"[""A. in"", ""B. on"", ""C. at"", ""D. by""]",B,hard,On is used to indicate position on a surface.
va,prepositions,The team is playing ___ the opposing team.,"[""A. with"", ""B. by"", ""C. in"", ""D. for""]",A,hard,With is used to indicate an accompaniment or an association.
va,prepositions,The company is looking ___ candidates for the job.,"[""A. for"", ""B. by"", ""C. in"", ""D. with""]",A,hard,For is used to indicate purpose or direction towards something.
va,prepositions,The city is surrounded ___ mountains.,"[""A. by"", ""B. on"", ""C. in"", ""D. with""]",A,hard,By is used to indicate a location on the outside of something.
